<addon id="script.artistslideshow" name="Artist Slideshow" provider-name="pkscout,ronie" version="3.0.1~beta13">
	<requires>
		<import addon="xbmc.python" version="2.26.0" />
		<import addon="xbmc.addon" version="17.9.0" />
		<import addon="script.module.requests" version="2.3.0" />
		<import addon="script.module.defusedxml" version="0.6.0" />
		<import addon="script.module.kodi-six" version="0.0.3" />
		<import addon="script.module.future" version="0.16.0.4" />
	</requires>
	<extension library="default.py" point="xbmc.python.script">
		<provides>executable</provides>
	</extension>
	<extension point="xbmc.addon.metadata">
		<news>
v.3.0.1~beta13
- changed download notification to show even if no images are downloaded
- fix for theaudiodb.com plugin not downloading all three images for an artist

v.3.0.1~beta12
- added back option to show notifications when downloading new images

v.3.0.1~beta11
- updates for some setting retrievals that were still using old method
- updates for code style consistency

v.3.0.1~beta10
- updates to logic for waiting and checking for change in music
- updated service plugins to use https for API calls

v.3.0.1~beta9
- fix for artist images not changing when using a radio stream

v.3.0.1~beta8
- fixed issue where slideshow might not start when in daemon mode
- moved common libraries to lib folder
- move update image slideshow to images folder

v.3.0.1~beta7
- fix for slideshow thread starting too early when skin starts AS without any music playing

v.3.0.1~beta6
- fix for crash when trying to get last fanart number from Kodi Artist Information Folder
- fix for unicode errors causing cache trimming not to work

v.3.0.1~beta5
- set slideshow thread to close if no music playing
- removed slideshow idle sleep time setting (no longer needed)

v.3.0.1~beta4
- added options to change sleep time for main and slideshow threads
- fix for property cleaning
- changed entry point default.py to be less complex

v.3.0.1~beta3
- further refinements to reduce CPU usage
- fix for AS taking too long to quit on Kodi exit when in daemon mode

v.3.0.1~beta2
- fix for high CPU usage when using AS in daemon mode and no music playing

v.3.0.1~beta1
- fix for crash if artist image name has an extended character in it
		</news>
		<assets>
        	<icon>icon.png</icon>
        </assets>
		<summary lang="ar_SA">حمل المزيد من الصور والمعلومات عن الفنان الذى يُغنِى حالياً</summary>
		<summary lang="be_BY">Download images and additional info of the currently playing artist</summary>
		<summary lang="bg_BG">Сваля изображения и допълнителна инф. за изпълнителя на текущата песен</summary>
		<summary lang="ca_ES">Descàrrega imatges i informació addicional de l'artista que s'està reproduint</summary>
		<summary lang="da_DK">Download billeder og ekstra info om kunstneren, der spiller i øjeblikket</summary>
		<summary lang="de_DE">Downloade Bilder und zusätzliche Informationen des aktuellen abspielenden Künstlers.</summary>
		<summary lang="el_GR">Κατεβάστε εικόνες και επιπλέον πληροφορίες του τρέχοντος καλλιτέχνη</summary>
		<summary lang="en_GB">Download images and additional info of the currently playing artist</summary>
		<summary lang="en_NZ">Download images and additional info of the currently playing artist</summary>
		<summary lang="en_US">Download images and additional info of the currently playing artist</summary>
		<summary lang="es_ES">Descarga imágenes e información adicional del artista que esté sonando</summary>
		<summary lang="es_AR">Bajá imágenes e información adicional sobre el artista </summary>
		<summary lang="fr_FR">Télécharger les images et les informations additionnelles de l'artiste en cours de lecture</summary>
		<summary lang="fr_CA">Télécharger des images et des infos additionnelles sur l'artiste écouté</summary>
		<summary lang="gl_ES">Descarga imaxes e info. adicional do artista que está a soar</summary>
		<summary lang="he_IL">הורד תמונות ומידע נוסף על האמן המושמע כעת</summary>
		<summary lang="hr_HR">Preuzimite slike i dodatne informacije o trenutno reproduciranom izvođaču</summary>
		<summary lang="hu_HU">Képeket és kiegészítő információkat tölt le a jelenleg játszott előadóról</summary>
		<summary lang="it_IT">Scarica immagini ed informazioni addizionali dell'artista attualmente in esecuzione</summary>
		<summary lang="ja_JP">現在再生中のアーティストの画像と追加情報をダウンロードする</summary>
		<summary lang="ko_KR">현재 재생중인 아티스트의 이미지와 추가 정보 다운로드</summary>
		<summary lang="nl_NL">Downloaden van afbeeldingen en extra informatie van te horen artiest</summary>
		<summary lang="nb_NO">Last ned bilder og ytterligere informasjon om artisten som spilles av</summary>
		<summary lang="pl_PL">Pobieraj obrazy i dodatkowe informacje o aktualnie odtwarzanym wykonawcy</summary>
		<summary lang="pt_PT">Transferir imagens e info adicional do artista em reprodução agora</summary>
		<summary lang="pt_BR">Transferência de imagens e informações adicionais de artistas que estejam sendo reproduzidos</summary>
		<summary lang="ru_RU">Загрузить фото и дополнительную информацию об воспроизводимом исполнителе</summary>
		<summary lang="sk_SK">Stiahnuť obrázky a dodatočné informácie o práve hrajúcich interpretoch</summary>
		<summary lang="sl_SI">Naložite slike in dodatne informacije, za trenutno predvajanega izvajalca</summary>
		<summary lang="sv_SE">Ladda ner bilder samt ytterligare information om den spelade artisten</summary>
		<summary lang="zh_CN">下载当前播放艺人的图片和附加信息</summary>
		<description lang="ar_SA">ملحق يساعدك على تَنِزِيل صور ومعلومات إضافيه عن الفنان الذى تستمع اليه حالياً من موقع fanart.tv و theaudiodb.com. كما يمكنك جعل جلد واجهتك الحالى يستخدم كل ما سبق ﻹنشاء عروض شرائح للفنان الذى تستمع إليه</description>
		<description lang="bg_BG">Добавката сваля картинки и допълнителна информация от www.fanart.tv и www.theaudiodb.com за изпълнителя който звучи в момента. Картинките, заедно с фанарт изображенията на изпълнителя, може да се ползват от облика, за създаването на слайдшоу за изпълнителя, който звучи в момента.</description>
		<description lang="ca_ES">Complement per descarregar imatges i informació addicional de fanart.tv i theaudiodb.com de l'artista que s'està reproduint. Les imatges, juntament amb les imatges locals d'artistes, i la informació, pot ser utilitzada per la pell per crear una presentació de diapositives per a l'artista que s'està escoltant.</description>
		<description lang="de_DE">Addon um Bilder und zusätzliche Informationen von fanart.tv und theaudiodb.com zum aktuell gespielten Künstler herunterzuladen. Diese Bilder können zusammen mit den lokalen Künstlerbildern und Infos vom Skin genutzt werden, um eine Slideshow für den aktuell angehörten Künstler zu erstellen.</description>
		<description lang="el_GR">Πρόσθετο για τη λήψη εικόνων και επιπλέον πληροφοριών από το fanart.tv  και το theaudiodb.com για τον τρέχοντα καλλιτέχνη. Οι εικόνες, μαζί με τοπικές εικόνες του καλλιτέχνη καθώς και πληροφορίες, μπορούν να χρησιμοποιηθούν από το κέλυφος για τη δημιουργία παρουσιάσεων διαφανειών του καλλιτέχνη η μουσική του οποίου ακούγεται.</description>
		<description lang="en_GB">Addon to download images and additional information from fanart.tv and theaudiodb.com of the currently playing artist. The images, along with local artists' images, and info can be used by the skin to create a slideshow for the artist being listened to.</description>
		<description lang="en_NZ">Addon to download images and additional information from fanart.tv and theaudiodb.com of the currently playing artist. The images, along with local artists' images, and info can be used by the skin to create a slideshow for the artist being listened to.</description>
		<description lang="en_US">Addon to download images and additional information from fanart.tv and theaudiodb.com of the currently playing artist. The images, along with local artists' images, and info can be used by the skin to create a slideshow for the artist being listened to.</description>
		<description lang="es_ES">Addon para descargar imágenes e información adicional de fanart.tv y theaudiodb.com del artista que se está reproduciendo. Las imágenes, junto con imágenes de artistas locales, y la información puede ser utilizada por la piel para crear una presentación de diapositivas para el artista que se está escuchando.</description>
		<description lang="fr_CA">Addiciel pour télécharger des images et des informations additionnelles sur fanart.tv et theaudiodb.com de l'artiste en cours d'écoute. Les images, ainsi que les images locales de l'artiste, et les infos peuvent être utilisées par l'habillage pour créer un diaporama pour l'artiste en cours d'écoute.</description>
		<description lang="gl_ES">Complemento para descargar imaxes e información adicional de fanart.tv e theaudiodb.com do artista que está a soar. Estas imaxes, xunto cas do artista gardadas en local e a información pódeas usar o tema para crear unha presentación. </description>
		<description lang="he_IL">הרחבה להורדת תמונות ומידע נוסף על האמן המושמע כעת מ-fanart.tv ו- theaudiodb.com. התמונות, בנוסף לתמונות אמנים מקומיות והמידע על אמן יכולים לשמש את המעטפת ליצירת מצגת עבור האמן המושמע כעת.</description>
		<description lang="hr_HR">Dodatak za preuzimanje slika i dodatnih informacije trenutno reproduciranog izvođača s fanart.tv, theaudiodb.com i theaudiodb.com. Slike, zajedno s lokalnim slikama izvođača i informacijama mogu se koristiti s presvlakom za stvaranje slikovne prezentacije izvođača koji se sluša.</description>
		<description lang="hu_HU">A Kiegészítő letölt képeket és infromációkat a fanart.tv és theaudiodb.com oldalakról az éppen hallgatott előadóhoz. A képek a helyben tárolt képekkel együtt felhasználhatóak a Felszín által diavetítéshez.</description>
		<description lang="it_IT">Addon per scaricare immagini ed informazioni aggiuntive da fanart.tv e theaudiodb.com sull'artista attualmente in esecuzione. Le immagini possono essere usate dallo skin, insieme a quelle locali, per creare una presentazione  per l'artista che si sta ascoltando.</description>
		<description lang="ko_KR">현재 재생중인 아티스트의 이미지와 추가정보를 fanart.tv 와 theaudiodb.com 에서 다운로드합니다. 다운로드한 이미지와 정보는 로컬 이미지와 함께 현재 재생중인 음악의 아티스트 슬라이드쇼에 사용할 수 있습니다.</description>
		<description lang="nl_NL">Add-on om afbeeldingen en bijkomende informatie van Fanart.tv en theaudiodb.com van de te horen artiest binnen te halen. de afbeeldingen, net als de lokaal aanwezige artiest-afbeeldingen en -info kunnen gebruikt worden door de skin om een diashow te tonen van de artiest di nu beluisterd wordt.</description>
		<description lang="nb_NO">Tillegg for å laste ned bilder og ytterligere informasjon fra fanart.tv og theaudiodb.com for artisten som spilles av for øyeblikket. Bildene, sammen med lokale artistbilder og info, kan bli brukt av skallet til å lage en lysbildefremvisning for artisten som blir lyttet til for øyeblikket.</description>
		<description lang="pl_PL">Wtyczka pobiera obrazy i dodatkowe informacje z fanart.tv oraz theaudiodb.com o aktualnie odtwarzanym wykonawcy. Obrazami wraz z informacjami o wykonawcach, mogą być wykorzystywane przez skórę do tworzenia pokazu slajdów dla artysty, którego aktualnie słuchasz.</description>
		<description lang="pt_PT">Um add-on para transferir imagens e informação adicional do artista em reprodução no momento, a partir de fanart.tv e theaudiodb.com. As imagens e a informação, assim como as imagens locais dos artistas, podem ser usadas pelo tema para criar uma apresentação de slides do artista em escuta no momento.</description>
		<description lang="pt_BR">Addon para download de imagens e informações adicionais do artista que está sendo reproduzido provido por fanart.tv e theaudiodb.  Tais dados e imagens serão usados pelas skins para criarem um slideshow dos artistas quando estivermos escutando-os.</description>
		<description lang="ru_RU">Дополнение для загрузки изображений и дополнительной информации о воспроизводимом исполнителе с ресурсов fanart.tv and theaudiodb.com. Загруженные изображения и доп. информация, наравне с локальными, могут быть использованы для создания слайд-шоу во время прослушивания композиций.</description>
		<description lang="sl_SI">Dodatek za prenos slik in dodatnih informacij  iz fanart.tv in theaudiodb.com za trenutno predvajanega izvajalca. Slike, skupaj z lokalnimi slikami izvajalcev ter informacije, se lahko uporabljajo s preobleko za ustvarjanje diaprojekcije slik izvajalca, ki ga trenutno poslušate.</description>
		<description lang="sv_SE">Tillägg för att ladda ner bilder och tilläggsinformation från fanart.tv och theaudiodb.com om artisten som spelas för tillfället. Bilderna, tillsammans med lokala artistbilder och information, kan användas av skinnet för att skapa ett bildspel av artisten man lyssnar på.</description>
		<description lang="zh_CN">从fanart.tv和theaudiodb.com下载当前播放艺人的图片和附加信息的插件。这此图片可以和本地艺人图片及信息一起，被皮肤用来创建正收听的艺人的幻灯片。</description>
		<platform>all</platform>
		<license>GPL-2.0-only</license>
		<forum>https://forum.kodi.tv/showthread.php?t=124880</forum>
		<website>https://kodi.wiki/index.php?title=Add-on:Artist_Slideshow</website>
		<email>artistslideshow.xbmc@gmail.com</email>
		<source>https://github.com/pkscout/script.artistslideshow</source>
	</extension>
</addon>