<?xml version="1.0" encoding="UTF-8"?>
<window id="11112">
	<defaultcontrol>10070</defaultcontrol>
	<animation type="WindowOpen" reversible="false">
		<effect type="fade" delay="160" end="100" time="240" />
	</animation>
	<animation type="WindowClose" reversible="false">
		<effect type="fade" start="100" end="0" time="240" />
	</animation>
	<controls>
		<control type="group" id="10072">
			<width>600</width>
			<control type="group">
				<control type="image">
					<width>600</width>
					<height>55</height>
					<texture>ap-shutdown-top.png</texture>
				</control>				
			</control>
			<control type="group" id="10073">
				<control type="image">
					<width>600</width>
					<height>127</height>
					<texture>ap-shutdown-bottom.png</texture>
				</control>
				<control type="image">
					<top>21</top>
					<left>40</left>
					<width>60</width>
					<height>60</height>
					<texture>ap-icon.png</texture>
				</control>				
				<control type="label" id="10071">
					<left>100</left>
					<width>600</width>
					<height>102</height>
					<aligny>center</aligny>
					<font>Font-Condensed-S34-B</font>
                    <textcolor>eewhite</textcolor>
                    <shadowcolor>22000000</shadowcolor>
					<label></label>
				</control>
			</control>
			<control type="panel" id="10070">
				<top>55</top>
				<onleft>10070</onleft>
				<onright>10070</onright>
				<onup>10070</onup>
				<ondown>10070</ondown>
				<orientation>vertical</orientation>
				<itemlayout height="57">
					<control type="image">
						<width>600</width>
						<height>57</height>
						<texture>ap-shutdown-mid.png</texture>
					</control>
					<control type="label">
						<left>50</left>
						<width>500</width>
						<height>57</height>
						<aligny>center</aligny>
						<font>Font-Condensed-S34</font>
						<textcolor>FF484848</textcolor>
						<label>$INFO[ListItem.Label]</label>
					</control>
				</itemlayout>
				<focusedlayout height="57">
					<control type="image">
						<width>600</width>
						<height>57</height>
						<texture>ap-shutdown-mid.png</texture>
					</control>
					<control type="image">
						<left>25</left>
						<width>550</width>
						<height>57</height>
						<texture>dialogs/options/buttons/default-fo.png</texture>
					</control>
					<control type="label">
						<left>50</left>
						<width>500</width>
						<height>57</height>
						<aligny>center</aligny>
						<font>Font-Condensed-S34</font>
						<textcolor>DDFFFFFF</textcolor>
						<label>$INFO[ListItem.Label]</label>
					</control>
				</focusedlayout>
			</control>
		</control>
	</controls>
</window>
