<?xml version="1.0" encoding="UTF-8"?>
<window id="11112">
	<defaultcontrol>10070</defaultcontrol>
	<animation type="WindowOpen" reversible="false">
		<effect type="fade" delay="160" end="100" time="240" />
	</animation>
	<animation type="WindowClose" reversible="false">
		<effect type="fade" start="100" end="0" time="240" />
	</animation>
	<controls>
		<control type="group" id="10072">
			<width>480</width>
			<control type="group">
				<height>61</height>
				<control type="image">
					<texture colordiffuse="$VAR[MenuTransperancy]">img/DialogTop.png</texture>
				</control>				
				<control type="label" id="10071">
					<font>size28</font>
					<aligny>center</aligny>
					<align>center</align>
					<textcolor>White2</textcolor>
					<shadowcolor>Black</shadowcolor>
					<label></label>
				</control>
			</control>
			<control type="group" id="10073">
				<height>10</height>
				<control type="image">
					<texture colordiffuse="$VAR[MenuTransperancy]">ap-DialogBottom.png</texture>
				</control>
			</control>
			<control type="panel" id="10070">
				<top>61</top>
				<scrolltime>280</scrolltime>
				<onleft>10070</onleft>
				<onright>10070</onright>
				<onup>10070</onup>
				<ondown>10070</ondown>
				<orientation>vertical</orientation>
				<itemlayout height="50">
					<control type="image">
						<texture colordiffuse="$VAR[MenuTransperancy]">img/DialogMid.png</texture>
					</control>
					<control type="label">
						<left>20</left>
						<width>440</width>
						<height>50</height>
						<align>center</align>
						<aligny>center</aligny>
						<scroll>false</scroll>
	                    <font>size25</font>
    	                <textcolor>Grey2</textcolor>
						<label>$INFO[ListItem.Label]</label>
					</control>
					<control type="button">
						<left>20</left>
						<width>440</width>
						<height>50</height>
					</control>
				</itemlayout>
				<focusedlayout height="50">
					<control type="image">
						<texture colordiffuse="$VAR[MenuTransperancy]">img/DialogMid.png</texture>
					</control>
					<control type="button">
						<left>20</left>
						<width>440</width>
						<height>50</height>
					</control>
					<control type="label">
						<left>20</left>
						<width>440</width>
						<height>50</height>
	                    <font>size25</font>
    	                <textcolor>HL</textcolor>
						<align>center</align>
						<aligny>center</aligny>
						<scroll>true</scroll>
						<label>$INFO[ListItem.Label]</label>
					</control>
				</focusedlayout>
			</control>
		</control>
	</controls>
</window>
