<?xml version="1.0" encoding="UTF-8"?>
<includes>
	<include name="LiveTVChannelView">
		<control type="group">
			<description>TV Channels group</description>
			<visible>Control.IsVisible(11)</visible>
			<include>VisibleFadeEffect</include>
			<control type="group">
				<left>530</left>
				<top>490</top>
				<control type="label">
					<left>0</left>
					<top>0</top>
					<width>690</width>
					<height>20</height>
					<font>font13</font>
					<textcolor>white</textcolor>
					<shadowcolor>black</shadowcolor>
					<scroll>true</scroll>
					<align>center</align>
					<aligny>center</aligny>
					<label>[B]$INFO[Container(11).ListItem.Title][/B]</label>
				</control>
				<control type="label">
					<left>0</left>
					<top>22</top>
					<width>80</width>
					<height>20</height>
					<align>right</align>
					<aligny>center</aligny>
					<font>font10_title</font>
					<textcolor>blue</textcolor>
					<visible>Container(11).ListItem.HasEpg</visible>
					<label>$INFO[Container(11).ListItem.StartTime]</label>
				</control>
				<control type="progress">
					<description>Progressbar</description>
					<left>85</left>
					<top>30</top>
					<width>510</width>
					<height>8</height>
					<visible>Container(11).ListItem.HasEpg</visible>
					<info>Container(11).ListItem.Progress</info>
				</control>
				<control type="label">
					<left>600</left>
					<top>22</top>
					<width>80</width>
					<height>20</height>
					<align>left</align>
					<aligny>center</aligny>
					<font>font10_title</font>
					<textcolor>blue</textcolor>
					<visible>Container(11).ListItem.HasEpg</visible>
					<label>$INFO[Container(11).ListItem.EndTime]</label>
				</control>
				<control type="textbox">
					<description>Plot Value for TVShow</description>
					<left>0</left>
					<top>50</top>
					<width>690</width>
					<height>74</height>
					<font>font13</font>
					<align>justify</align>
					<textcolor>white</textcolor>
					<shadowcolor>black</shadowcolor>
					<pagecontrol>-</pagecontrol>
					<label>$INFO[Container(11).ListItem.Plot]</label>
					<autoscroll time="2000" delay="3000" repeat="5000">true</autoscroll>
				</control>
				<control type="label">
					<left>0</left>
					<top>140</top>
					<width>690</width>
					<height>20</height>
					<font>font12</font>
					<textcolor>grey2</textcolor>
					<align>right</align>
					<aligny>center</aligny>
					<scroll>false</scroll>
					<visible>!IsEmpty(Container(11).ListItem.NextTitle)</visible>
					<label>$LOCALIZE[19031]: $INFO[Container(11).ListItem.NextTitle]</label>
				</control>
			</control>
			<control type="list" id="11">
				<left>70</left>
				<top>85</top>
				<width>390</width>
				<height>541</height>
				<onleft>32</onleft>
				<onright>70</onright>
				<onup>11</onup>
				<ondown>11</ondown>
				<viewtype label="535">list</viewtype>
				<pagecontrol>70</pagecontrol>
				<scrolltime>200</scrolltime>
				<itemlayout height="60" width="390">
					<control type="image">
						<left>0</left>
						<top>0</top>
						<width>390</width>
						<height>61</height>
						<texture border="2">MenuItemNF.png</texture>
						<include>VisibleFadeEffect</include>
					</control>
					<control type="label">
						<left>5</left>
						<top>-4</top>
						<width>40</width>
						<height>35</height>
						<font>font12</font>
						<align>left</align>
						<aligny>center</aligny>
						<textcolor>grey</textcolor>
						<selectedcolor>grey</selectedcolor>
						<info>ListItem.ChannelNumber</info>
					</control>
					<control type="label">
						<left>50</left>
						<top>0</top>
						<width>270</width>
						<height>25</height>
						<font>font13</font>
						<textcolor>white</textcolor>
						<selectedcolor>selected</selectedcolor>
						<align>left</align>
						<aligny>center</aligny>
						<label>$INFO[ListItem.Label]</label>
					</control>
					<control type="label">
						<left>50</left>
						<top>25</top>
						<width>330</width>
						<height>20</height>
						<font>font12</font>
						<textcolor>grey</textcolor>
						<selectedcolor>grey</selectedcolor>
						<align>left</align>
						<aligny>center</aligny>
						<label>$INFO[ListItem.Title]</label>
						<visible>IsEmpty(Listitem.Icon)</visible>
					</control>
					<control type="label">
						<left>50</left>
						<top>25</top>
						<width>280</width>
						<height>20</height>
						<font>font12</font>
						<textcolor>grey</textcolor>
						<selectedcolor>grey</selectedcolor>
						<align>left</align>
						<aligny>center</aligny>
						<label>$INFO[ListItem.Title]</label>
						<visible>!IsEmpty(Listitem.Icon)</visible>
					</control>
					<control type="progress">
						<description>Progressbar</description>
						<left>50</left>
						<top>48</top>
						<width>280</width>
						<height>6</height>
						<colordiffuse>88FFFFFF</colordiffuse>
						<visible>ListItem.HasEpg</visible>
						<info>ListItem.Progress</info>
					</control>
					<control type="image">
						<left>340</left>
						<top>4</top>
						<width>50</width>
						<height>50</height>
						<texture>$INFO[ListItem.Icon]</texture>
					</control>
					<control type="image">
						<left>5</left>
						<top>37</top>
						<width>30</width>
						<height>20</height>
						<texture>PVR-IsRecording.png</texture>
						<visible>ListItem.IsRecording</visible>
					</control>
				</itemlayout>
				<focusedlayout height="60" width="390">
					<control type="image">
						<left>0</left>
						<top>0</top>
						<width>390</width>
						<height>61</height>
						<texture border="2">MenuItemNF.png</texture>
						<visible>!Control.HasFocus(11)</visible>
						<include>VisibleFadeEffect</include>
					</control>
					<control type="image">
						<left>0</left>
						<top>0</top>
						<width>390</width>
						<height>61</height>
						<texture border="2">MenuItemFO.png</texture>
						<visible>Control.HasFocus(11)</visible>
						<include>VisibleFadeEffect</include>
					</control>
					<control type="label">
						<left>5</left>
						<top>-4</top>
						<width>40</width>
						<height>35</height>
						<font>font12</font>
						<align>left</align>
						<aligny>center</aligny>
						<textcolor>grey</textcolor>
						<selectedcolor>grey</selectedcolor>
						<info>ListItem.ChannelNumber</info>
					</control>
					<control type="label">
						<left>50</left>
						<top>0</top>
						<width>270</width>
						<height>25</height>
						<font>font13</font>
						<textcolor>white</textcolor>
						<selectedcolor>selected</selectedcolor>
						<align>left</align>
						<aligny>center</aligny>
						<label>$INFO[ListItem.Label]</label>
					</control>
					<control type="label">
						<left>50</left>
						<top>25</top>
						<width>330</width>
						<height>20</height>
						<font>font12</font>
						<textcolor>grey</textcolor>
						<selectedcolor>grey</selectedcolor>
						<align>left</align>
						<aligny>center</aligny>
						<label>$INFO[ListItem.Title]</label>
						<visible>IsEmpty(Listitem.Icon)</visible>
					</control>
					<control type="label">
						<left>50</left>
						<top>25</top>
						<width>280</width>
						<height>20</height>
						<font>font12</font>
						<textcolor>grey</textcolor>
						<selectedcolor>grey</selectedcolor>
						<align>left</align>
						<aligny>center</aligny>
						<label>$INFO[ListItem.Title]</label>
						<visible>!IsEmpty(Listitem.Icon)</visible>
					</control>
					<control type="progress">
						<description>Progressbar</description>
						<left>50</left>
						<top>48</top>
						<width>280</width>
						<height>6</height>
						<colordiffuse>88FFFFFF</colordiffuse>
						<visible>ListItem.HasEpg</visible>
						<info>ListItem.Progress</info>
					</control>
					<control type="image">
						<left>340</left>
						<top>4</top>
						<width>50</width>
						<height>50</height>
						<texture>$INFO[ListItem.Icon]</texture>
					</control>
					<control type="image">
						<left>5</left>
						<top>37</top>
						<width>30</width>
						<height>20</height>
						<texture>PVR-IsRecording.png</texture>
						<visible>ListItem.IsRecording</visible>
					</control>
				</focusedlayout>
			</control>
			<control type="scrollbar" id="70">
				<left>465</left>
				<top>85</top>
				<width>25</width>
				<height>540</height>
				<texturesliderbackground border="0,14,0,14">ScrollBarV.png</texturesliderbackground>
				<texturesliderbar border="0,14,0,14">ScrollBarV_bar.png</texturesliderbar>
				<texturesliderbarfocus border="0,14,0,14">ScrollBarV_bar_focus.png</texturesliderbarfocus>
				<textureslidernib>ScrollBarNib.png</textureslidernib>
				<textureslidernibfocus>ScrollBarNib.png</textureslidernibfocus>
				<onleft>11</onleft>
				<onright>32</onright>
				<showonepage>false</showonepage>
				<orientation>vertical</orientation>
			</control>
			<control type="label">
				<animation effect="slide" start="0,0" end="-90,0" time="0" condition="system.getbool(input.enablemouse)">Conditional</animation>
				<description>Page Count Label</description>
				<right>40</right>
				<top>53r</top>
				<width>500</width>
				<height>20</height>
				<font>font12</font>
				<textcolor>grey</textcolor>
				<scroll>false</scroll>
				<align>right</align>
				<aligny>center</aligny>
				<label>([COLOR=blue]$INFO[Container(11).NumItems][/COLOR]) $LOCALIZE[19019] - $LOCALIZE[31024] ([COLOR=blue]$INFO[Container(11).CurrentPage]/$INFO[Container(11).NumPages][/COLOR])</label>
				<include>Window_OpenClose_Animation</include>
			</control>
		</control>
	</include>

	<include name="LiveRadioChannelView">
		<control type="group">
			<description>Radio Channels group</description>
			<visible>Control.IsVisible(12)</visible>
			<include>VisibleFadeEffect</include>
			<control type="group">
				<left>530</left>
				<top>490</top>
				<control type="label">
					<left>0</left>
					<top>0</top>
					<width>690</width>
					<height>20</height>
					<font>font13</font>
					<textcolor>white</textcolor>
					<shadowcolor>black</shadowcolor>
					<scroll>true</scroll>
					<align>center</align>
					<aligny>center</aligny>
					<label>[B]$INFO[Container(12).ListItem.Title][/B]</label>
				</control>
				<control type="label">
					<left>0</left>
					<top>22</top>
					<width>80</width>
					<height>20</height>
					<align>right</align>
					<aligny>center</aligny>
					<font>font10_title</font>
					<textcolor>blue</textcolor>
					<visible>Container(12).ListItem.HasEpg</visible>
					<label>$INFO[Container(12).ListItem.StartTime]</label>
				</control>
				<control type="progress">
					<description>Progressbar</description>
					<left>85</left>
					<top>30</top>
					<width>510</width>
					<height>8</height>
					<visible>Container(12).ListItem.HasEpg</visible>
					<info>Container(12).ListItem.Progress</info>
				</control>
				<control type="label">
					<left>600</left>
					<top>22</top>
					<width>80</width>
					<height>20</height>
					<align>left</align>
					<aligny>center</aligny>
					<font>font10_title</font>
					<textcolor>blue</textcolor>
					<visible>Container(12).ListItem.HasEpg</visible>
					<label>$INFO[Container(12).ListItem.EndTime]</label>
				</control>
				<control type="textbox">
					<description>Plot Value for TVShow</description>
					<left>0</left>
					<top>50</top>
					<width>690</width>
					<height>74</height>
					<font>font13</font>
					<align>justify</align>
					<textcolor>white</textcolor>
					<shadowcolor>black</shadowcolor>
					<pagecontrol>-</pagecontrol>
					<label>$INFO[Container(12).ListItem.Plot]</label>
					<autoscroll time="2000" delay="3000" repeat="5000">true</autoscroll>
				</control>
				<control type="label">
					<left>0</left>
					<top>140</top>
					<width>690</width>
					<height>20</height>
					<font>font12</font>
					<textcolor>grey2</textcolor>
					<align>right</align>
					<aligny>center</aligny>
					<scroll>false</scroll>
					<visible>!IsEmpty(Container(12).ListItem.NextTitle)</visible>
					<label>$LOCALIZE[19031]: $INFO[Container(12).ListItem.NextTitle]</label>
				</control>
			</control>
			<control type="list" id="12">
				<left>70</left>
				<top>85</top>
				<width>390</width>
				<height>541</height>
				<onleft>33</onleft>
				<onright>71</onright>
				<onup>12</onup>
				<ondown>12</ondown>
				<viewtype label="535">list</viewtype>
				<pagecontrol>71</pagecontrol>
				<scrolltime>200</scrolltime>
				<itemlayout height="60" width="390">
					<control type="image">
						<left>0</left>
						<top>0</top>
						<width>390</width>
						<height>61</height>
						<texture border="2">MenuItemNF.png</texture>
						<include>VisibleFadeEffect</include>
					</control>
					<control type="label">
						<left>5</left>
						<top>-4</top>
						<width>40</width>
						<height>35</height>
						<font>font12</font>
						<align>left</align>
						<aligny>center</aligny>
						<textcolor>grey</textcolor>
						<selectedcolor>grey</selectedcolor>
						<info>ListItem.ChannelNumber</info>
					</control>
					<control type="label">
						<left>50</left>
						<top>0</top>
						<width>270</width>
						<height>25</height>
						<font>font13</font>
						<textcolor>white</textcolor>
						<selectedcolor>selected</selectedcolor>
						<align>left</align>
						<aligny>center</aligny>
						<label>$INFO[ListItem.Label]</label>
					</control>
					<control type="label">
						<left>50</left>
						<top>25</top>
						<width>330</width>
						<height>20</height>
						<font>font12</font>
						<textcolor>grey</textcolor>
						<selectedcolor>grey</selectedcolor>
						<align>left</align>
						<aligny>center</aligny>
						<label>$INFO[ListItem.Title]</label>
						<visible>IsEmpty(Listitem.Icon)</visible>
					</control>
					<control type="label">
						<left>50</left>
						<top>25</top>
						<width>280</width>
						<height>20</height>
						<font>font12</font>
						<textcolor>grey</textcolor>
						<selectedcolor>grey</selectedcolor>
						<align>left</align>
						<aligny>center</aligny>
						<label>$INFO[ListItem.Title]</label>
						<visible>!IsEmpty(Listitem.Icon)</visible>
					</control>
					<control type="progress">
						<description>Progressbar</description>
						<left>50</left>
						<top>48</top>
						<width>280</width>
						<height>6</height>
						<colordiffuse>88FFFFFF</colordiffuse>
						<info>ListItem.Progress</info>
						<visible>ListItem.HasEpg</visible>
					</control>
					<control type="image">
						<left>340</left>
						<top>4</top>
						<width>50</width>
						<height>50</height>
						<texture>$INFO[ListItem.Icon]</texture>
					</control>
					<control type="image">
						<left>5</left>
						<top>37</top>
						<width>30</width>
						<height>20</height>
						<texture>PVR-IsRecording.png</texture>
						<visible>ListItem.IsRecording</visible>
					</control>
				</itemlayout>
				<focusedlayout height="60" width="390">
					<control type="image">
						<left>0</left>
						<top>0</top>
						<width>390</width>
						<height>61</height>
						<texture border="2">MenuItemNF.png</texture>
						<visible>!Control.HasFocus(12)</visible>
						<include>VisibleFadeEffect</include>
					</control>
					<control type="image">
						<left>0</left>
						<top>0</top>
						<width>390</width>
						<height>61</height>
						<texture border="2">MenuItemFO.png</texture>
						<visible>Control.HasFocus(12)</visible>
						<include>VisibleFadeEffect</include>
					</control>
					<control type="label">
						<left>5</left>
						<top>-4</top>
						<width>40</width>
						<height>35</height>
						<font>font12</font>
						<align>left</align>
						<aligny>center</aligny>
						<textcolor>grey</textcolor>
						<selectedcolor>grey</selectedcolor>
						<info>ListItem.ChannelNumber</info>
					</control>
					<control type="label">
						<left>50</left>
						<top>0</top>
						<width>270</width>
						<height>25</height>
						<font>font13</font>
						<textcolor>white</textcolor>
						<selectedcolor>selected</selectedcolor>
						<align>left</align>
						<aligny>center</aligny>
						<label>$INFO[ListItem.Label]</label>
					</control>
					<control type="label">
						<left>50</left>
						<top>25</top>
						<width>330</width>
						<height>20</height>
						<font>font12</font>
						<textcolor>grey</textcolor>
						<selectedcolor>grey</selectedcolor>
						<align>left</align>
						<aligny>center</aligny>
						<label>$INFO[ListItem.Title]</label>
						<visible>IsEmpty(Listitem.Icon)</visible>
					</control>
					<control type="label">
						<left>50</left>
						<top>25</top>
						<width>280</width>
						<height>20</height>
						<font>font12</font>
						<textcolor>grey</textcolor>
						<selectedcolor>grey</selectedcolor>
						<align>left</align>
						<aligny>center</aligny>
						<label>$INFO[ListItem.Title]</label>
						<visible>!IsEmpty(Listitem.Icon)</visible>
					</control>
					<control type="progress">
						<description>Progressbar</description>
						<left>50</left>
						<top>48</top>
						<width>280</width>
						<height>6</height>
						<colordiffuse>88FFFFFF</colordiffuse>
						<info>ListItem.Progress</info>
						<visible>ListItem.HasEpg</visible>
					</control>
					<control type="image">
						<left>340</left>
						<top>4</top>
						<width>50</width>
						<height>50</height>
						<texture>$INFO[ListItem.Icon]</texture>
					</control>
					<control type="image">
						<left>5</left>
						<top>37</top>
						<width>30</width>
						<height>20</height>
						<texture>PVR-IsRecording.png</texture>
						<visible>ListItem.IsRecording</visible>
					</control>
				</focusedlayout>
			</control>
			<control type="scrollbar" id="71">
				<left>465</left>
				<top>85</top>
				<width>25</width>
				<height>540</height>
				<texturesliderbackground border="0,14,0,14">ScrollBarV.png</texturesliderbackground>
				<texturesliderbar border="0,14,0,14">ScrollBarV_bar.png</texturesliderbar>
				<texturesliderbarfocus border="0,14,0,14">ScrollBarV_bar_focus.png</texturesliderbarfocus>
				<textureslidernib>ScrollBarNib.png</textureslidernib>
				<textureslidernibfocus>ScrollBarNib.png</textureslidernibfocus>
				<onleft>12</onleft>
				<onright>33</onright>
				<showonepage>false</showonepage>
				<orientation>vertical</orientation>
			</control>
			<control type="label">
				<animation effect="slide" start="0,0" end="-90,0" time="0" condition="system.getbool(input.enablemouse)">Conditional</animation>
				<description>Page Count Label</description>
				<right>40</right>
				<top>53r</top>
				<width>500</width>
				<height>20</height>
				<font>font12</font>
				<textcolor>grey</textcolor>
				<scroll>false</scroll>
				<align>right</align>
				<aligny>center</aligny>
				<label>([COLOR=blue]$INFO[Container(12).NumItems][/COLOR]) $LOCALIZE[19019] - $LOCALIZE[31024] ([COLOR=blue]$INFO[Container(12).CurrentPage]/$INFO[Container(12).NumPages][/COLOR])</label>
				<include>Window_OpenClose_Animation</include>		
			</control>
		</control>
	</include>

	<include name="LiveTVRecordingsView">
		<control type="group">
			<description>Recordings group</description>
			<visible>Control.IsVisible(13)</visible>
			<include>VisibleFadeEffect</include>
			<control type="list" id="13">
				<left>70</left>
				<top>75</top>
				<width>760</width>
				<height>561</height>
				<onleft>34</onleft>
				<onright>72</onright>
				<onup>13</onup>
				<ondown>13</ondown>
				<viewtype label="535">list</viewtype>
				<pagecontrol>72</pagecontrol>
				<scrolltime>200</scrolltime>
				<itemlayout height="40" width="760">
					<control type="image">
						<left>0</left>
						<top>0</top>
						<width>760</width>
						<height>41</height>
						<texture border="2">MenuItemNF.png</texture>
						<include>VisibleFadeEffect</include>
					</control>
					<control type="image">
						<left>10</left>
						<top>5</top>
						<width>30</width>
						<height>30</height>
						<texture background="true" fallback="DefaultVideoCover.png">$INFO[ListItem.Icon]</texture>
					</control>
					<control type="label">
						<left>50</left>
						<top>0</top>
						<width>605</width>
						<height>40</height>
						<font>font13</font>
						<textcolor>grey2</textcolor>
						<selectedcolor>selected</selectedcolor>
						<align>left</align>
						<aligny>center</aligny>
						<label>$INFO[ListItem.Label]</label>
					</control>
					<control type="label">
						<left>725</left>
						<top>0</top>
						<width>500</width>
						<height>40</height>
						<font>font12</font>
						<textcolor>grey2</textcolor>
						<selectedcolor>selected</selectedcolor>
						<align>right</align>
						<aligny>center</aligny>
						<label>$INFO[ListItem.Date]</label>
					</control>
					<control type="image">
						<left>730</left>
						<top>14</top>
						<width>20</width>
						<height>16</height>
						<texture>$INFO[ListItem.Overlay]</texture>
						<visible>!ListItem.IsResumable</visible>
					</control>
					<control type="image">
						<left>730</left>
						<top>14</top>
						<width>16</width>
						<height>16</height>
						<texture>OverlayWatching.png</texture>
						<visible>ListItem.IsResumable</visible>
					</control>
				</itemlayout>
				<focusedlayout height="40" width="760">
					<control type="image">
						<left>0</left>
						<top>0</top>
						<width>760</width>
						<height>41</height>
						<texture border="2">MenuItemFO.png</texture>
						<visible>Control.HasFocus(13)</visible>
						<include>VisibleFadeEffect</include>
					</control>
					<control type="image">
						<left>0</left>
						<top>0</top>
						<width>760</width>
						<height>41</height>
						<texture border="2">MenuItemNF.png</texture>
						<include>VisibleFadeEffect</include>
						<visible>!Control.HasFocus(13)</visible>
					</control>
					<control type="image">
						<left>560</left>
						<top>5</top>
						<width>200</width>
						<height>31</height>
						<texture border="0,0,14,0">MediaItemDetailBG.png</texture>
						<visible>Control.HasFocus(13) + !IsEmpty(ListItem.Date)</visible>
					</control>
					<control type="image">
						<left>10</left>
						<top>5</top>
						<width>30</width>
						<height>30</height>
						<texture background="true" fallback="DefaultVideoCover.png">$INFO[ListItem.Icon]</texture>
					</control>
					<control type="label">
						<left>50</left>
						<top>0</top>
						<width>630</width>
						<height>40</height>
						<font>font13</font>
						<textcolor>white</textcolor>
						<selectedcolor>selected</selectedcolor>
						<align>left</align>
						<aligny>center</aligny>
						<label>$INFO[ListItem.Label]</label>
					</control>
					<control type="label">
						<left>725</left>
						<top>0</top>
						<width>500</width>
						<height>40</height>
						<font>font12</font>
						<textcolor>grey2</textcolor>
						<selectedcolor>selected</selectedcolor>
						<align>right</align>
						<aligny>center</aligny>
						<label>$INFO[ListItem.Date]</label>
					</control>
					<control type="image">
						<left>730</left>
						<top>14</top>
						<width>20</width>
						<height>16</height>
						<texture>$INFO[ListItem.Overlay]</texture>
						<visible>!ListItem.IsResumable</visible>
					</control>
					<control type="image">
						<left>730</left>
						<top>14</top>
						<width>16</width>
						<height>16</height>
						<texture>OverlayWatching.png</texture>
						<visible>ListItem.IsResumable</visible>
					</control>
				</focusedlayout>
			</control>
			<control type="scrollbar" id="72">
				<left>850</left>
				<top>78</top>
				<width>25</width>
				<height>560</height>
				<texturesliderbackground border="0,14,0,14">ScrollBarV.png</texturesliderbackground>
				<texturesliderbar border="0,14,0,14">ScrollBarV_bar.png</texturesliderbar>
				<texturesliderbarfocus border="0,14,0,14">ScrollBarV_bar_focus.png</texturesliderbarfocus>
				<textureslidernib>ScrollBarNib.png</textureslidernib>
				<textureslidernibfocus>ScrollBarNib.png</textureslidernibfocus>
				<onleft>13</onleft>
				<onright>34</onright>
				<showonepage>false</showonepage>
				<orientation>vertical</orientation>
			</control>
			<control type="label">
				<animation effect="slide" start="0,0" end="-90,0" time="0" condition="system.getbool(input.enablemouse)">Conditional</animation>
				<description>Page Count Label</description>
				<right>40</right>
				<top>53r</top>
				<width>500</width>
				<height>20</height>
				<font>font12</font>
				<textcolor>grey</textcolor>
				<scroll>false</scroll>
				<align>right</align>
				<aligny>center</aligny>
				<label>([COLOR=blue]$INFO[Container(13).NumItems][/COLOR]) $LOCALIZE[19163] - $LOCALIZE[31024] ([COLOR=blue]$INFO[Container(13).CurrentPage]/$INFO[Container(13).NumPages][/COLOR])</label>
				<include>Window_OpenClose_Animation</include>		
			</control>
			<control type="group">
				<left>910</left>
				<top>80</top>
				<control type="image">
					<left>10</left>
					<top>0</top>
					<width>290</width>
					<height>230</height>
					<aspectratio aligny="bottom">keep</aspectratio>
					<fadetime>IconCrossfadeTime</fadetime>
					<texture fallback="DefaultVideoCover.png">$INFO[Container(13).ListItem.Icon]</texture>
					<bordertexture border="8">ThumbShadow.png</bordertexture>
					<bordersize>8</bordersize>
				</control>
				<control type="fadelabel">
					<left>10</left>
					<top>230</top>
					<width>290</width>
					<height>25</height>
					<label>$INFO[Container(13).ListItem.Title]</label>
					<align>center</align>
					<aligny>center</aligny>
					<font>font13</font>
					<textcolor>blue</textcolor>
					<shadowcolor>black</shadowcolor>
					<scrollout>false</scrollout>
					<pauseatend>1000</pauseatend>
				</control>
				<control type="textbox">
					<description>Description Value for TV Show</description>
					<left>10</left>
					<top>270</top>
					<width>290</width>
					<height>280</height>
					<font>font13</font>
					<align>justify</align>
					<textcolor>white</textcolor>
					<label>$INFO[Container(13).ListItem.Plot]</label>
					<autoscroll time="2000" delay="3000" repeat="5000">Skin.HasSetting(AutoScroll)</autoscroll>
				</control>
			</control>
		</control>
	</include>

	<include name="EPGTimelineView">
		<control type="group">
			<description>TV Guide Timeline</description>
			<visible>Control.IsVisible(10)</visible>
			<include>VisibleFadeEffect</include>
			<control type="image">
				<description>separator image</description>
				<left>80</left>
				<top>101</top>
				<width>1100</width>
				<height>1</height>
				<colordiffuse>88FFFFFF</colordiffuse>
				<texture>separator2.png</texture>
			</control>
			<control type="epggrid" id="10">
				<description>EPG Grid</description>
				<left>80</left>
				<top>71</top>
				<width>1135</width>
				<height>419</height>
				<pagecontrol>10</pagecontrol>
				<scrolltime>350</scrolltime>
				<timeblocks>40</timeblocks>
				<rulerunit>6</rulerunit>
				<progresstexture border="0,48,18,14">PVR-EpgProgressIndicator.png</progresstexture>
				<onleft>31</onleft>
				<onright>31</onright>
				<onup>10</onup>
				<ondown>10</ondown>
				<onback>9000</onback> 
				<rulerlayout height="35" width="40">
					<control type="label" id="2">
						<left>10</left>
						<top>0</top>
						<width>34</width>
						<height>29</height>
						<font>font12</font>
						<aligny>center</aligny>
						<selectedcolor>selected</selectedcolor>
						<align>left</align>
						<label>$INFO[ListItem.Label]</label>
					</control>
				</rulerlayout>
				<channellayout height="48" width="280">
					<control type="image">
						<left>0</left>
						<top>0</top>
						<width>270</width>
						<height>48</height>
						<texture border="2">MenuItemNF.png</texture>
						<include>VisibleFadeEffect</include>
					</control>
					<control type="label">
						<left>5</left>
						<top>5</top>
						<width>40</width>
						<height>35</height>
						<font>font12</font>
						<align>left</align>
						<aligny>center</aligny>
						<textcolor>grey</textcolor>
						<selectedcolor>grey</selectedcolor>
						<info>ListItem.ChannelNumber</info>
					</control>
					<control type="image">
						<left>45</left>
						<top>4</top>
						<width>45</width>
						<height>44</height>
						<texture>$INFO[ListItem.Icon]</texture>
					</control>
					<control type="label" id="1">
						<left>94</left>
						<top>0</top>
						<width>160</width>
						<height>48</height>
						<font>special12</font>
						<aligny>center</aligny>
						<selectedcolor>selected</selectedcolor>
						<align>left</align>
						<label>$INFO[ListItem.ChannelName]</label>
					</control>
				</channellayout>
				<focusedchannellayout height="48" width="280">
					<control type="image">
						<left>0</left>
						<top>0</top>
						<width>270</width>
						<height>48</height>
						<texture border="2">MenuItemNF.png</texture>
						<visible>!Control.HasFocus(10)</visible>
						<include>VisibleFadeEffect</include>
					</control>
					<control type="image">
						<left>0</left>
						<top>0</top>
						<width>270</width>
						<height>48</height>
						<texture border="2">MenuItemFO.png</texture>
						<visible>Control.HasFocus(10)</visible>
						<include>VisibleFadeEffect</include>
					</control>
					<control type="label">
						<left>5</left>
						<top>5</top>
						<width>40</width>
						<height>35</height>
						<font>font12</font>
						<align>left</align>
						<aligny>center</aligny>
						<textcolor>grey</textcolor>
						<selectedcolor>grey</selectedcolor>
						<info>ListItem.ChannelNumber</info>
					</control>
					<control type="image">
						<left>45</left>
						<top>4</top>
						<width>45</width>
						<height>44</height>
						<texture>$INFO[ListItem.Icon]</texture>
					</control>
					<control type="label" id="1">
						<left>94</left>
						<top>0</top>
						<width>160</width>
						<height>48</height>
						<font>special12</font>
						<aligny>center</aligny>
						<selectedcolor>selected</selectedcolor>
						<align>left</align>
						<label>$INFO[ListItem.ChannelName]</label>
					</control>
				</focusedchannellayout>
				<itemlayout height="48" width="40">
					<control type="image" id="2">
						<width>40</width>
						<height>48</height>
						<left>0</left>
						<top>0</top>
						<aspectratio>stretch</aspectratio>
						<texture border="3">epg-genres/$INFO[ListItem.Property(GenreType)].png</texture>
					</control>
					<control type="label" id="1">
						<left>6</left>
						<top>3</top>
						<width>30</width>
						<height>25</height>
						<font>font12</font>
						<aligny>center</aligny>
						<selectedcolor>selected</selectedcolor>
						<align>left</align>
						<info>ListItem.Label</info>
					</control>
					<control type="image">
						<left>6</left>
						<top>28</top>
						<width>24</width>
						<height>16</height>
						<texture>PVR-IsRecording.png</texture>
						<visible>ListItem.IsRecording</visible>
					</control>
					<control type="image">
						<left>6</left>
						<top>28</top>
						<width>16</width>
						<height>16</height>
						<texture>PVR-HasTimer.png</texture>
						<visible>ListItem.HasTimer + !ListItem.IsRecording</visible>
					</control>
				</itemlayout>
				<focusedlayout height="48" width="40">
					<control type="image" id="14">
						<width>40</width>
						<height>48</height>
						<left>0</left>
						<top>0</top>
						<texture border="5">folder-focus.png</texture>
					</control>
					<control type="image" id="2">
						<width>40</width>
						<height>48</height>
						<left>0</left>
						<top>0</top>
						<aspectratio>stretch</aspectratio>
						<texture border="3">epg-genres/$INFO[ListItem.Property(GenreType)].png</texture>
					</control>
					<control type="label" id="1">
						<left>6</left>
						<top>3</top>
						<width>30</width>
						<height>25</height>
						<font>font12</font>
						<aligny>center</aligny>
						<selectedcolor>selected</selectedcolor>
						<align>left</align>
						<info>ListItem.Label</info>
					</control>
					<control type="image">
						<left>6</left>
						<top>28</top>
						<width>24</width>
						<height>16</height>
						<texture>PVR-IsRecording.png</texture>
						<visible>ListItem.IsRecording</visible>
					</control>
					<control type="image">
						<left>6</left>
						<top>28</top>
						<width>16</width>
						<height>16</height>
						<texture>PVR-HasTimer.png</texture>
						<visible>ListItem.HasTimer + !ListItem.IsRecording</visible>
					</control>
				</focusedlayout>
			</control>
			<control type="group">
				<visible>!IsEmpty(ListItem.Label)</visible>
				<left>80</left>
				<top>508</top>
				<control type="image">
					<left>62</left>
					<top>6</top>
					<width>130</width>
					<height>130</height>
					<texture background="true">$INFO[ListItem.Icon]</texture>
					<aspectratio align="center" aligny="top">keep</aspectratio>
				</control>
				<control type="label">
					<left>280</left>
					<top>0</top>
					<width>840</width>
					<height>20</height>
					<label>[B]$INFO[ListItem.Label][/B]</label>
					<font>font13</font>
					<textcolor>white</textcolor>
				</control>
				<control type="label">
					<left>280</left>
					<top>25</top>
					<width>840</width>
					<height>20</height>
					<label>$INFO[ListItem.StartTime]$INFO[ListItem.EndTime, - ]$INFO[ListItem.Genre, • ]</label>
					<font>font12</font>
					<textcolor>grey</textcolor>
				</control>
				<control type="textbox">
					<description>Plot value</description>
					<left>280</left>
					<top>55</top>
					<width>840</width>
					<height>65</height>
					<font>font12</font>
					<align>justify</align>
					<textcolor>grey</textcolor>
					<autoscroll delay="10000" time="3000" repeat="6000">true</autoscroll>
					<label>$INFO[ListItem.Plot]</label>
				</control>
			</control>
		</control>
	</include>

	<include name="LiveTVTimersView">
		<control type="group">
			<description>Timers group</description>
			<visible>Control.IsVisible(14)</visible>
			<include>VisibleFadeEffect</include>
			<control type="group">
				<left>80</left>
				<top>60</top>
				<control type="label">
					<description>Channel header label</description>
					<left>20</left>
					<top>20</top>
					<width>220</width>
					<height>20</height>
					<font>font13_title</font>
					<textcolor>white</textcolor>
					<shadowcolor>black</shadowcolor>
					<aligny>center</aligny>
					<label>19029</label>
				</control>
				<control type="label">
					<description>Title header label</description>
					<left>240</left>
					<top>20</top>
					<width>300</width>
					<height>20</height>
					<font>font13_title</font>
					<textcolor>white</textcolor>
					<shadowcolor>black</shadowcolor>
					<aligny>center</aligny>
					<label>369</label>
				</control>
				<control type="label">
					<description>Schedule Time header label</description>
					<left>600</left>
					<top>20</top>
					<width>300</width>
					<height>20</height>
					<font>font13_title</font>
					<textcolor>white</textcolor>
					<shadowcolor>black</shadowcolor>
					<aligny>center</aligny>
					<label>31501</label>
				</control>
				<control type="label">
					<description>Status header label</description>
					<left>980</left>
					<top>20</top>
					<width>150</width>
					<height>20</height>
					<font>font13_title</font>
					<textcolor>white</textcolor>
					<shadowcolor>black</shadowcolor>
					<aligny>center</aligny>
					<label>126</label>
				</control>
				<control type="image">
					<description>separator image</description>
					<left>0</left>
					<top>50</top>
					<width>1100</width>
					<height>1</height>
					<colordiffuse>88FFFFFF</colordiffuse>
					<texture>separator2.png</texture>
				</control>
				<control type="list" id="14">
					<left>0</left>
					<top>55</top>
					<width>1100</width>
					<height>480</height>
					<onup>14</onup>
					<ondown>14</ondown>
					<onleft>35</onleft>
					<onright>73</onright>
					<pagecontrol>73</pagecontrol>
					<scrolltime>200</scrolltime>
					<itemlayout height="40">
						<control type="image">
							<left>0</left>
							<top>0</top>
							<width>1100</width>
							<height>41</height>
							<texture border="5">MenuItemNF.png</texture>
						</control>
						<control type="group">
							<visible>IsEmpty(ListItem.Date)</visible>
							<control type="label">
								<left>50</left>
								<top>0</top>
								<width>150</width>
								<height>40</height>
								<font>font12</font>
								<aligny>center</aligny>
								<selectedcolor>selected</selectedcolor>
								<info>ListItem.Label</info>
							</control>
						</control>
						<control type="group">
							<visible>!IsEmpty(ListItem.Date)</visible>
							<control type="image">
								<left>0</left>
								<top>8</top>
								<width>50</width>
								<height>26</height>
								<texture border="1">$INFO[ListItem.Icon]</texture>
							</control>
							<control type="label">
								<left>50</left>
								<top>0</top>
								<width>150</width>
								<height>40</height>
								<font>font12</font>
								<aligny>center</aligny>
								<selectedcolor>selected</selectedcolor>
								<info>ListItem.ChannelName</info>
							</control>
							<control type="label">
								<left>240</left>
								<top>0</top>
								<width>290</width>
								<height>40</height>
								<font>font12</font>
								<aligny>center</aligny>
								<selectedcolor>selected</selectedcolor>
								<info>ListItem.Label</info>
							</control>
							<control type="label">
								<left>600</left>
								<top>0</top>
								<width>400</width>
								<height>40</height>
								<font>font12</font>
								<aligny>center</aligny>
								<selectedcolor>selected</selectedcolor>
								<info>ListItem.Date</info>
							</control>
							<control type="label">
								<left>980</left>
								<top>0</top>
								<width>170</width>
								<height>40</height>
								<font>font12</font>
								<aligny>center</aligny>
								<selectedcolor>selected</selectedcolor>
								<info>ListItem.Comment</info>
							</control>
						</control>
					</itemlayout>
					<focusedlayout height="40">
						<control type="image">
							<left>0</left>
							<top>0</top>
							<width>1100</width>
							<height>41</height>
							<texture border="5">MenuItemFO.png</texture>
						</control>
						<control type="image">
							<left>0</left>
							<top>0</top>
							<width>1100</width>
							<height>41</height>
							<colordiffuse>33FFFFFF</colordiffuse>
							<texture border="5">MenuItemFO.png</texture>
							<visible>Control.HasFocus(14)</visible>
						</control>
						<control type="group">
							<visible>IsEmpty(ListItem.Date)</visible>
							<control type="label">
								<left>50</left>
								<top>0</top>
								<width>150</width>
								<height>40</height>
								<font>font12</font>
								<aligny>center</aligny>
								<selectedcolor>selected</selectedcolor>
								<info>ListItem.Label</info>
							</control>
						</control>
						<control type="group">
							<visible>!IsEmpty(ListItem.Date)</visible>
							<control type="image">
								<left>0</left>
								<top>8</top>
								<width>50</width>
								<height>26</height>
								<texture border="1">$INFO[ListItem.Icon]</texture>
							</control>
							<control type="label">
								<left>50</left>
								<top>0</top>
								<width>150</width>
								<height>40</height>
								<font>font12</font>
								<aligny>center</aligny>
								<selectedcolor>selected</selectedcolor>
								<info>ListItem.ChannelName</info>
							</control>
							<control type="label">
								<left>240</left>
								<top>0</top>
								<width>290</width>
								<height>40</height>
								<font>font12</font>
								<aligny>center</aligny>
								<selectedcolor>selected</selectedcolor>
								<info>ListItem.Label</info>
							</control>
							<control type="label">
								<left>600</left>
								<top>0</top>
								<width>400</width>
								<height>40</height>
								<font>font12</font>
								<aligny>center</aligny>
								<selectedcolor>selected</selectedcolor>
								<info>ListItem.Date</info>
							</control>
							<control type="label">
								<left>980</left>
								<top>0</top>
								<width>150</width>
								<height>40</height>
								<font>font12</font>
								<aligny>center</aligny>
								<selectedcolor>selected</selectedcolor>
								<info>ListItem.Comment</info>
							</control>
						</control>
					</focusedlayout>
				</control>
				<control type="scrollbar" id="73">
					<left>1105</left>
					<top>50</top>
					<width>25</width>
					<height>480</height>
					<texturesliderbackground border="0,14,0,14">ScrollBarV.png</texturesliderbackground>
					<texturesliderbar border="0,14,0,14">ScrollBarV_bar.png</texturesliderbar>
					<texturesliderbarfocus border="0,14,0,14">ScrollBarV_bar_focus.png</texturesliderbarfocus>
					<textureslidernib>ScrollBarNib.png</textureslidernib>
					<textureslidernibfocus>ScrollBarNib.png</textureslidernibfocus>
					<onleft>11</onleft>
					<onright>35</onright>
					<showonepage>false</showonepage>
					<orientation>vertical</orientation>
				</control>
				<control type="image">
					<description>separator image</description>
					<left>55</left>
					<top>540</top>
					<width>1010</width>
					<height>1</height>
					<colordiffuse>88FFFFFF</colordiffuse>
					<texture>separator2.png</texture>
				</control>
				<control type="label">
					<description>Next timer date</description>
					<left>55</left>
					<top>545</top>
					<width>1010</width>
					<height>30</height>
					<font>font13</font>
					<align>center</align>
					<aligny>center</aligny>
					<scroll>true</scroll>
					<textcolor>white</textcolor>
					<label>$INFO[PVR.NextTimer]</label>
					<visible>PVR.HasTimer</visible>
				</control>
			</control>
			<control type="label">
				<animation effect="slide" start="0,0" end="-90,0" time="0" condition="system.getbool(input.enablemouse)">Conditional</animation>
				<description>Page Count Label</description>
				<right>40</right>
				<top>53r</top>
				<width>500</width>
				<height>20</height>
				<font>font12</font>
				<textcolor>grey</textcolor>
				<scroll>false</scroll>
				<align>right</align>
				<aligny>center</aligny>
				<label>([COLOR=blue]$INFO[Container(14).NumItems][/COLOR]) $LOCALIZE[19040] - $LOCALIZE[31024] ([COLOR=blue]$INFO[Container(14).CurrentPage]/$INFO[Container(14).NumPages][/COLOR])</label>
				<include>Window_OpenClose_Animation</include>		
			</control>
		</control>
	</include>

	<include name="LiveTVSearchView">
		<control type="group">
			<description>TV Search group</description>
			<visible>Control.IsVisible(17)</visible>
			<include>VisibleFadeEffect</include>
			<control type="group">
				<left>80</left>
				<top>60</top>
				<control type="label">
					<description>Channel label</description>
					<left>0</left>
					<top>20</top>
					<width>220</width>
					<height>20</height>
					<font>font13_title</font>
					<textcolor>white</textcolor>
					<shadowcolor>black</shadowcolor>
					<aligny>center</aligny>
					<label>19148</label>
				</control>
				<control type="label">
					<description>Title header label</description>
					<left>240</left>
					<top>20</top>
					<width>300</width>
					<height>20</height>
					<font>font13_title</font>
					<textcolor>white</textcolor>
					<shadowcolor>black</shadowcolor>
					<aligny>center</aligny>
					<label>369</label>
				</control>
				<control type="label">
					<description>Time label</description>
					<left>700</left>
					<top>20</top>
					<width>300</width>
					<height>20</height>
					<font>font13_title</font>
					<textcolor>white</textcolor>
					<shadowcolor>black</shadowcolor>
					<aligny>center</aligny>
					<label>21820</label>
				</control>
				<control type="label">
					<description>Status header label</description>
					<left>980</left>
					<top>20</top>
					<width>140</width>
					<height>20</height>
					<font>font13_title</font>
					<textcolor>white</textcolor>
					<shadowcolor>black</shadowcolor>
					<aligny>center</aligny>
					<label>126</label>
				</control>
				<control type="image">
					<description>separator image</description>
					<left>0</left>
					<top>50</top>
					<width>1100</width>
					<height>1</height>
					<colordiffuse>88FFFFFF</colordiffuse>
					<texture>separator2.png</texture>
				</control>
				<control type="list" id="17">
					<left>0</left>
					<top>55</top>
					<width>1100</width>
					<height>520</height>
					<onup>17</onup>
					<ondown>17</ondown>
					<onleft>36</onleft>
					<onright>77</onright>
					<pagecontrol>77</pagecontrol>
					<scrolltime>200</scrolltime>
					<itemlayout height="40">
						<control type="image">
							<left>0</left>
							<top>0</top>
							<width>1100</width>
							<height>41</height>
							<texture border="5">MenuItemNF.png</texture>
						</control>
						<control type="group">
							<visible>IsEmpty(ListItem.Date)</visible>
							<control type="label">
								<left>50</left>
								<top>0</top>
								<width>650</width>
								<height>40</height>
								<font>font12</font>
								<aligny>center</aligny>
								<textcolor>grey2</textcolor>
								<selectedcolor>selected</selectedcolor>
								<info>ListItem.Label</info>
							</control>	
						</control>
						<control type="group">
							<visible>!IsEmpty(ListItem.Date)</visible>
							<control type="image">
								<left>0</left>
								<top>5</top>
								<width>30</width>
								<height>30</height>
								<texture border="1">$INFO[ListItem.Icon]</texture>
							</control>
							<control type="label">
								<left>50</left>
								<top>0</top>
								<width>190</width>
								<height>40</height>
								<font>font12</font>
								<aligny>center</aligny>
								<textcolor>grey2</textcolor>
								<selectedcolor>selected</selectedcolor>
								<info>ListItem.ChannelName</info>
							</control>
							<control type="label">
								<left>240</left>
								<top>0</top>
								<width>450</width>
								<height>40</height>
								<font>font12</font>
								<aligny>center</aligny>
								<textcolor>grey2</textcolor>
								<selectedcolor>selected</selectedcolor>
								<info>ListItem.Label</info>
							</control>
							<control type="label">
								<left>700</left>
								<top>0</top>
								<width>270</width>
								<height>40</height>
								<font>font12</font>
								<aligny>center</aligny>
								<textcolor>grey2</textcolor>
								<selectedcolor>selected</selectedcolor>
								<info>ListItem.Date</info>
							</control>
							<control type="image">
								<left>980</left>
								<top>10</top>
								<width>30</width>
								<height>20</height>
								<texture>PVR-IsRecording.png</texture>
								<visible>ListItem.IsRecording</visible>
							</control>
							<control type="label">
								<left>1015</left>
								<top>0</top>
								<width>80</width>
								<height>40</height>
								<font>font10</font>
								<aligny>center</aligny>
								<textcolor>grey2</textcolor>
								<selectedcolor>selected</selectedcolor>
								<label>19043</label>
								<visible>ListItem.IsRecording</visible>
							</control>
							<control type="image">
								<left>980</left>
								<top>10</top>
								<width>20</width>
								<height>20</height>
								<texture>PVR-HasTimer.png</texture>
								<visible>ListItem.HasTimer + !ListItem.IsRecording</visible>
							</control>
							<control type="label">
								<left>1010</left>
								<top>0</top>
								<width>80</width>
								<height>40</height>
								<font>font10</font>
								<aligny>center</aligny>
								<textcolor>grey2</textcolor>
								<selectedcolor>selected</selectedcolor>
								<label>31510</label>
								<visible>ListItem.HasTimer</visible>
							</control>
						</control>
					</itemlayout>
					<focusedlayout height="40">
						<control type="image">
							<left>0</left>
							<top>0</top>
							<width>1100</width>
							<height>41</height>
							<texture border="5">MenuItemNF.png</texture>
						</control>
						<control type="image">
							<left>0</left>
							<top>0</top>
							<width>1100</width>
							<height>41</height>
							<texture border="5">MenuItemFO.png</texture>
							<visible>Control.HasFocus(17)</visible>
						</control>
						<control type="group">
							<visible>IsEmpty(ListItem.Date)</visible>
							<control type="label">
								<left>50</left>
								<top>0</top>
								<width>650</width>
								<height>40</height>
								<font>font12</font>
								<aligny>center</aligny>
								<textcolor>grey2</textcolor>
								<selectedcolor>selected</selectedcolor>
								<info>ListItem.Label</info>
							</control>	
						</control>
						<control type="group">
							<visible>!IsEmpty(ListItem.Date)</visible>
							<control type="image">
								<left>0</left>
								<top>5</top>
								<width>30</width>
								<height>30</height>
								<texture border="1">$INFO[ListItem.Icon]</texture>
							</control>
							<control type="label">
								<left>50</left>
								<top>0</top>
								<width>190</width>
								<height>40</height>
								<font>font12</font>
								<aligny>center</aligny>
								<textcolor>grey2</textcolor>
								<selectedcolor>selected</selectedcolor>
								<info>ListItem.ChannelName</info>
							</control>
							<control type="label">
								<left>240</left>
								<top>0</top>
								<width>450</width>
								<height>40</height>
								<font>font12</font>
								<aligny>center</aligny>
								<textcolor>white</textcolor>
								<selectedcolor>selected</selectedcolor>
								<info>ListItem.Label</info>
							</control>
							<control type="label">
								<left>700</left>
								<top>0</top>
								<width>270</width>
								<height>40</height>
								<font>font12</font>
								<aligny>center</aligny>
								<textcolor>white</textcolor>
								<selectedcolor>selected</selectedcolor>
								<info>ListItem.Date</info>
							</control>
							<control type="image">
								<left>980</left>
								<top>10</top>
								<width>30</width>
								<height>20</height>
								<texture>PVR-IsRecording.png</texture>
								<visible>ListItem.IsRecording</visible>
							</control>
							<control type="label">
								<left>1015</left>
								<top>0</top>
								<width>80</width>
								<height>40</height>
								<font>font10</font>
								<aligny>center</aligny>
								<textcolor>grey2</textcolor>
								<selectedcolor>selected</selectedcolor>
								<label>19043</label>
								<visible>ListItem.IsRecording</visible>
							</control>
							<control type="image">
								<left>980</left>
								<top>10</top>
								<width>20</width>
								<height>20</height>
								<texture>PVR-HasTimer.png</texture>
								<visible>ListItem.HasTimer + !ListItem.IsRecording</visible>
							</control>
							<control type="label">
								<left>1010</left>
								<top>0</top>
								<width>80</width>
								<height>40</height>
								<font>font10</font>
								<aligny>center</aligny>
								<textcolor>grey2</textcolor>
								<selectedcolor>selected</selectedcolor>
								<label>31510</label>
								<visible>ListItem.HasTimer</visible>
							</control>
						</control>
					</focusedlayout>
				</control>
				<control type="scrollbar" id="77">
					<left>1105</left>
					<top>50</top>
					<width>25</width>
					<height>520</height>
					<texturesliderbackground border="0,14,0,14">ScrollBarV.png</texturesliderbackground>
					<texturesliderbar border="0,14,0,14">ScrollBarV_bar.png</texturesliderbar>
					<texturesliderbarfocus border="0,14,0,14">ScrollBarV_bar_focus.png</texturesliderbarfocus>
					<textureslidernib>ScrollBarNib.png</textureslidernib>
					<textureslidernibfocus>ScrollBarNib.png</textureslidernibfocus>
					<onleft>16</onleft>
					<onright>36</onright>
					<showonepage>false</showonepage>
					<orientation>vertical</orientation>
				</control>
			</control>
			<control type="label">
				<animation effect="slide" start="0,0" end="-90,0" time="0" condition="system.getbool(input.enablemouse)">Conditional</animation>
				<description>Page Count Label</description>
				<right>40</right>
				<top>53r</top>
				<width>500</width>
				<height>20</height>
				<font>font12</font>
				<textcolor>grey</textcolor>
				<scroll>false</scroll>
				<align>right</align>
				<aligny>center</aligny>
				<label>([COLOR=blue]$INFO[Container(17).NumItems][/COLOR]) $LOCALIZE[31025] - $LOCALIZE[31024] ([COLOR=blue]$INFO[Container(17).CurrentPage]/$INFO[Container(17).NumPages][/COLOR])</label>
			</control>
		</control>
	</include>

	<include name="LiveTVGuideChannelView">
		<control type="group">
			<description>TV Guide Channel</description>
			<visible>Control.IsVisible(15)</visible>
			<include>VisibleFadeEffect</include>
			<control type="group">
				<left>80</left>
				<top>60</top>
				<control type="label">
					<description>Date Time label</description>
					<left>0</left>
					<top>20</top>
					<width>300</width>
					<height>20</height>
					<font>font13_title</font>
					<textcolor>white</textcolor>
					<shadowcolor>black</shadowcolor>
					<align>center</align>
					<aligny>center</aligny>
					<label>21820</label>
				</control>
				<control type="label">
					<description>Title</description>
					<left>300</left>
					<top>20</top>
					<width>600</width>
					<height>20</height>
					<font>font13_title</font>
					<textcolor>white</textcolor>
					<shadowcolor>black</shadowcolor>
					<align>center</align>
					<aligny>center</aligny>
					<label>369</label>
				</control>
				<control type="label">
					<description>Status header label</description>
					<left>960</left>
					<top>20</top>
					<width>140</width>
					<height>20</height>
					<font>font13_title</font>
					<textcolor>white</textcolor>
					<shadowcolor>black</shadowcolor>
					<align>center</align>
					<aligny>center</aligny>
					<label>126</label>
				</control>
				<control type="image">
					<description>separator image</description>
					<left>0</left>
					<top>50</top>
					<width>1100</width>
					<height>1</height>
					<colordiffuse>88FFFFFF</colordiffuse>
					<texture>separator2.png</texture>
				</control>
				<control type="list" id="15">
					<left>0</left>
					<top>60</top>
					<width>1100</width>
					<height>500</height>
					<onup>15</onup>
					<ondown>15</ondown>
					<onleft>31</onleft>
					<onright>75</onright>
					<pagecontrol>75</pagecontrol>
					<scrolltime>200</scrolltime>
					<itemlayout height="40">
						<control type="image">
							<left>0</left>
							<top>0</top>
							<width>1100</width>
							<height>41</height>
							<texture border="5">MenuItemNF.png</texture>
						</control>
						<control type="image">
							<left>0</left>
							<top>0</top>
							<width>300</width>
							<height>40</height>
							<colordiffuse>33FFFFFF</colordiffuse>
							<texture border="5">StackFO.png</texture>
						</control>
						<control type="image">
							<left>960</left>
							<top>0</top>
							<width>140</width>
							<height>40</height>
							<colordiffuse>33FFFFFF</colordiffuse>
							<texture border="5">StackFO.png</texture>
						</control>
						<control type="label">
							<left>150</left>
							<top>0</top>
							<width>280</width>
							<height>40</height>
							<font>font12</font>
							<align>center</align>
							<aligny>center</aligny>
							<textcolor>grey2</textcolor>
							<selectedcolor>selected</selectedcolor>
							<info>ListItem.Date</info>
						</control>
						<control type="label">
							<left>310</left>
							<top>0</top>
							<width>640</width>
							<height>40</height>
							<font>font13</font>
							<align>left</align>
							<aligny>center</aligny>
							<textcolor>grey2</textcolor>
							<selectedcolor>selected</selectedcolor>
							<info>ListItem.Label</info>
						</control>
						<control type="image">
							<left>970</left>
							<top>10</top>
							<width>30</width>
							<height>20</height>
							<texture>PVR-IsRecording.png</texture>
							<visible>ListItem.IsRecording</visible>
						</control>
						<control type="label">
							<left>1005</left>
							<top>0</top>
							<width>80</width>
							<height>40</height>
							<font>font10</font>
							<align>left</align>
							<aligny>center</aligny>
							<textcolor>grey2</textcolor>
							<selectedcolor>selected</selectedcolor>
							<label>19043</label>
							<visible>ListItem.IsRecording</visible>
						</control>
						<control type="image">
							<left>970</left>
							<top>10</top>
							<width>20</width>
							<height>20</height>
							<texture>PVR-HasTimer.png</texture>
							<visible>ListItem.HasTimer + !ListItem.IsRecording</visible>
						</control>
						<control type="label">
							<left>1000</left>
							<top>0</top>
							<width>80</width>
							<height>40</height>
							<font>font10</font>
							<align>left</align>
							<aligny>center</aligny>
							<textcolor>grey2</textcolor>
							<selectedcolor>selected</selectedcolor>
							<label>31510</label>
							<visible>ListItem.HasTimer</visible>
						</control>
					</itemlayout>
					<focusedlayout height="100">
						<control type="image">
							<left>0</left>
							<top>1</top>
							<width>1100</width>
							<height>98</height>
							<colordiffuse>AAFFFFFF</colordiffuse>
							<texture border="5">black-back2.png</texture>
						</control>
						<control type="image">
							<left>0</left>
							<top>0</top>
							<width>1100</width>
							<height>101</height>
							<texture border="5">MenuItemNF.png</texture>
						</control>
						<control type="image">
							<left>0</left>
							<top>0</top>
							<width>300</width>
							<height>40</height>
							<colordiffuse>AAFFFFFF</colordiffuse>
							<texture border="5">StackFO.png</texture>
							<visible>!Control.HasFocus(15)</visible>
						</control>
						<control type="image">
							<left>960</left>
							<top>0</top>
							<width>140</width>
							<height>40</height>
							<colordiffuse>AAFFFFFF</colordiffuse>
							<texture border="5">StackFO.png</texture>
							<visible>!Control.HasFocus(15)</visible>
						</control>
						<control type="image">
							<left>0</left>
							<top>0</top>
							<width>300</width>
							<height>40</height>
							<colordiffuse>88FFFFFF</colordiffuse>
							<texture border="5">StackFO.png</texture>
							<visible>Control.HasFocus(15)</visible>
						</control>
						<control type="image">
							<left>960</left>
							<top>0</top>
							<width>140</width>
							<height>40</height>
							<colordiffuse>88FFFFFF</colordiffuse>
							<texture border="5">StackFO.png</texture>
							<visible>Control.HasFocus(15)</visible>
						</control>
						<control type="label">
							<left>150</left>
							<top>0</top>
							<width>280</width>
							<height>40</height>
							<font>font12</font>
							<align>center</align>
							<aligny>center</aligny>
							<textcolor>white</textcolor>
							<selectedcolor>selected</selectedcolor>
							<info>ListItem.Date</info>
						</control>
						<control type="label">
							<left>310</left>
							<top>0</top>
							<width>640</width>
							<height>40</height>
							<font>font13</font>
							<align>left</align>
							<aligny>center</aligny>
							<textcolor>white</textcolor>
							<selectedcolor>selected</selectedcolor>
							<info>ListItem.Label</info>
						</control>
						<control type="textbox">
							<description>Plot Value for TVShow</description>
							<left>50</left>
							<top>40</top>
							<width>1000</width>
							<height>60</height>
							<font>font12</font>
							<align>justify</align>
							<textcolor>grey2</textcolor>
							<shadowcolor>black</shadowcolor>
							<pagecontrol>-</pagecontrol>
							<label>$INFO[ListItem.Plot]</label>
						</control>
						<control type="image">
							<left>970</left>
							<top>10</top>
							<width>30</width>
							<height>20</height>
							<texture>PVR-IsRecording.png</texture>
							<visible>ListItem.IsRecording</visible>
						</control>
						<control type="label">
							<left>1005</left>
							<top>0</top>
							<width>80</width>
							<height>40</height>
							<font>font10</font>
							<align>left</align>
							<aligny>center</aligny>
							<textcolor>grey2</textcolor>
							<selectedcolor>selected</selectedcolor>
							<label>19043</label>
							<visible>ListItem.IsRecording</visible>
						</control>
						<control type="image">
							<left>970</left>
							<top>10</top>
							<width>20</width>
							<height>20</height>
							<texture>PVR-HasTimer.png</texture>
							<visible>ListItem.HasTimer + !ListItem.IsRecording</visible>
						</control>
						<control type="label">
							<left>1000</left>
							<top>0</top>
							<width>80</width>
							<height>40</height>
							<font>font10</font>
							<align>left</align>
							<aligny>center</aligny>
							<textcolor>grey2</textcolor>
							<selectedcolor>selected</selectedcolor>
							<label>31510</label>
							<visible>ListItem.HasTimer</visible>
						</control>
					</focusedlayout>
				</control>
				<control type="scrollbar" id="75">
					<left>1105</left>
					<top>60</top>
					<width>25</width>
					<height>500</height>
					<texturesliderbackground border="0,14,0,14">ScrollBarV.png</texturesliderbackground>
					<texturesliderbar border="0,14,0,14">ScrollBarV_bar.png</texturesliderbar>
					<texturesliderbarfocus border="0,14,0,14">ScrollBarV_bar_focus.png</texturesliderbarfocus>
					<textureslidernib>ScrollBarNib.png</textureslidernib>
					<textureslidernibfocus>ScrollBarNib.png</textureslidernibfocus>
					<onleft>15</onleft>
					<onright>31</onright>
					<showonepage>false</showonepage>
					<orientation>vertical</orientation>
				</control>
			</control>
			<control type="label">
				<animation effect="slide" start="0,0" end="-90,0" time="0" condition="system.getbool(input.enablemouse)">Conditional</animation>
				<description>Page Count Label</description>
				<right>40</right>
				<top>53r</top>
				<width>500</width>
				<height>20</height>
				<font>font12</font>
				<textcolor>grey</textcolor>
				<scroll>false</scroll>
				<align>right</align>
				<aligny>center</aligny>
				<label>([COLOR=blue]$INFO[Container(15).NumItems][/COLOR]) $LOCALIZE[31025] - $LOCALIZE[31024] ([COLOR=blue]$INFO[Container(15).CurrentPage]/$INFO[Container(15).NumPages][/COLOR])</label>
			</control>
		</control>
	</include>

	<include name="LiveTVGuideNowNextView">
		<control type="group">
			<description>TV Guide Now/Next</description>
			<visible>Control.IsVisible(16)</visible>
			<include>VisibleFadeEffect</include>
			<control type="group">
				<left>80</left>
				<top>60</top>
				<control type="label">
					<description>Time label</description>
					<left>0</left>
					<top>20</top>
					<width>100</width>
					<height>20</height>
					<font>font13_title</font>
					<textcolor>white</textcolor>
					<shadowcolor>black</shadowcolor>
					<align>center</align>
					<aligny>center</aligny>
					<label>555</label>
				</control>
				<control type="label">
					<description>Channel label</description>
					<left>100</left>
					<top>20</top>
					<width>250</width>
					<height>20</height>
					<font>font13_title</font>
					<textcolor>white</textcolor>
					<shadowcolor>black</shadowcolor>
					<align>center</align>
					<aligny>center</aligny>
					<label>19148</label>
				</control>
				<control type="label">
					<description>Title</description>
					<left>350</left>
					<top>20</top>
					<width>550</width>
					<height>20</height>
					<font>font13_title</font>
					<textcolor>white</textcolor>
					<shadowcolor>black</shadowcolor>
					<align>center</align>
					<aligny>center</aligny>
					<label>369</label>
				</control>
				<control type="label">
					<description>Status header label</description>
					<left>960</left>
					<top>20</top>
					<width>140</width>
					<height>20</height>
					<font>font13_title</font>
					<textcolor>white</textcolor>
					<shadowcolor>black</shadowcolor>
					<align>center</align>
					<aligny>center</aligny>
					<label>126</label>
				</control>
				<control type="image">
					<description>separator image</description>
					<left>0</left>
					<top>50</top>
					<width>1100</width>
					<height>1</height>
					<colordiffuse>88FFFFFF</colordiffuse>
					<texture>separator2.png</texture>
				</control>
				<control type="list" id="16">
					<left>0</left>
					<top>60</top>
					<width>1100</width>
					<height>500</height>
					<onup>16</onup>
					<ondown>16</ondown>
					<onleft>31</onleft>
					<onright>76</onright>
					<pagecontrol>76</pagecontrol>
					<scrolltime>200</scrolltime>
					<itemlayout height="40">
						<control type="image">
							<left>0</left>
							<top>0</top>
							<width>1100</width>
							<height>41</height>
							<texture border="5">MenuItemNF.png</texture>
						</control>
						<control type="image">
							<left>100</left>
							<top>0</top>
							<width>250</width>
							<height>40</height>
							<colordiffuse>33FFFFFF</colordiffuse>
							<texture border="5">StackFO.png</texture>
						</control>
						<control type="image">
							<left>960</left>
							<top>0</top>
							<width>140</width>
							<height>40</height>
							<colordiffuse>33FFFFFF</colordiffuse>
							<texture border="5">StackFO.png</texture>
						</control>
						<control type="label">
							<left>50</left>
							<top>0</top>
							<width>100</width>
							<height>40</height>
							<font>font12</font>
							<align>center</align>
							<aligny>center</aligny>
							<textcolor>grey2</textcolor>
							<selectedcolor>selected</selectedcolor>
							<info>ListItem.StartTime</info>
						</control>
						<control type="image">
							<left>110</left>
							<top>5</top>
							<width>30</width>
							<height>30</height>
							<info>ListItem.Icon</info>
						</control>
						<control type="label">
							<left>150</left>
							<top>0</top>
							<width>190</width>
							<height>35</height>
							<font>font12</font>
							<align>left</align>
							<aligny>center</aligny>
							<textcolor>grey2</textcolor>
							<selectedcolor>selected</selectedcolor>
							<info>ListItem.ChannelName</info>
						</control>
						<control type="label">
							<left>360</left>
							<top>0</top>
							<width>590</width>
							<height>35</height>
							<font>font13</font>
							<align>left</align>
							<aligny>center</aligny>
							<textcolor>grey2</textcolor>
							<selectedcolor>selected</selectedcolor>
							<info>ListItem.Label</info>
						</control>
						<control type="image">
							<left>970</left>
							<top>10</top>
							<width>30</width>
							<height>20</height>
							<texture>PVR-IsRecording.png</texture>
							<visible>ListItem.IsRecording</visible>
						</control>
						<control type="label">
							<left>1005</left>
							<top>0</top>
							<width>80</width>
							<height>40</height>
							<font>font10</font>
							<align>left</align>
							<aligny>center</aligny>
							<textcolor>grey2</textcolor>
							<selectedcolor>selected</selectedcolor>
							<label>19043</label>
							<visible>ListItem.IsRecording</visible>
						</control>
						<control type="image">
							<left>970</left>
							<top>10</top>
							<width>20</width>
							<height>20</height>
							<texture>PVR-HasTimer.png</texture>
							<visible>ListItem.HasTimer + !ListItem.IsRecording</visible>
						</control>
						<control type="label">
							<left>1000</left>
							<top>0</top>
							<width>80</width>
							<height>40</height>
							<font>font10</font>
							<align>left</align>
							<aligny>center</aligny>
							<textcolor>grey2</textcolor>
							<selectedcolor>selected</selectedcolor>
							<label>31510</label>
							<visible>ListItem.HasTimer</visible>
						</control>
					</itemlayout>
					<focusedlayout height="100">
						<control type="image">
							<left>0</left>
							<top>1</top>
							<width>1100</width>
							<height>98</height>
							<colordiffuse>AAFFFFFF</colordiffuse>
							<texture border="5">black-back2.png</texture>
						</control>
						<control type="image">
							<left>0</left>
							<top>0</top>
							<width>1100</width>
							<height>100</height>
							<texture border="5">MenuItemNF.png</texture>
						</control>
						<control type="image">
							<left>100</left>
							<top>0</top>
							<width>250</width>
							<height>40</height>
							<colordiffuse>AAFFFFFF</colordiffuse>
							<texture border="5">StackFO.png</texture>
							<visible>!Control.HasFocus(16)</visible>
						</control>
						<control type="image">
							<left>960</left>
							<top>0</top>
							<width>140</width>
							<height>40</height>
							<colordiffuse>AAFFFFFF</colordiffuse>
							<texture border="5">StackFO.png</texture>
							<visible>!Control.HasFocus(16)</visible>
						</control>
						<control type="image">
							<left>100</left>
							<top>0</top>
							<width>250</width>
							<height>40</height>
							<colordiffuse>88FFFFFF</colordiffuse>
							<texture border="5">StackFO.png</texture>
							<visible>Control.HasFocus(16)</visible>
						</control>
						<control type="image">
							<left>960</left>
							<top>0</top>
							<width>140</width>
							<height>40</height>
							<colordiffuse>88FFFFFF</colordiffuse>
							<texture border="5">StackFO.png</texture>
							<visible>Control.HasFocus(16)</visible>
						</control>
						<control type="label">
							<left>50</left>
							<top>0</top>
							<width>100</width>
							<height>40</height>
							<font>font12</font>
							<align>center</align>
							<aligny>center</aligny>
							<textcolor>white</textcolor>
							<selectedcolor>selected</selectedcolor>
							<info>ListItem.StartTime</info>
						</control>
						<control type="image">
							<left>110</left>
							<top>5</top>
							<width>30</width>
							<height>30</height>
							<info>ListItem.Icon</info>
						</control>
						<control type="label">
							<left>150</left>
							<top>0</top>
							<width>190</width>
							<height>35</height>
							<font>font12</font>
							<align>left</align>
							<aligny>center</aligny>
							<textcolor>white</textcolor>
							<selectedcolor>selected</selectedcolor>
							<info>ListItem.ChannelName</info>
						</control>
						<control type="label">
							<left>360</left>
							<top>0</top>
							<width>590</width>
							<height>35</height>
							<font>font13</font>
							<align>left</align>
							<aligny>center</aligny>
							<textcolor>white</textcolor>
							<selectedcolor>selected</selectedcolor>
							<info>ListItem.Label</info>
						</control>
						<control type="textbox">
							<description>Plot Value for TVShow</description>
							<left>50</left>
							<top>35</top>
							<width>1000</width>
							<height>60</height>
							<font>font12</font>
							<align>justify</align>
							<textcolor>grey2</textcolor>
							<shadowcolor>black</shadowcolor>
							<pagecontrol>-</pagecontrol>
							<label>$INFO[ListItem.Plot]</label>
						</control>
						<control type="image">
							<left>970</left>
							<top>10</top>
							<width>30</width>
							<height>20</height>
							<texture>PVR-IsRecording.png</texture>
							<visible>ListItem.IsRecording</visible>
						</control>
						<control type="label">
							<left>1005</left>
							<top>0</top>
							<width>80</width>
							<height>40</height>
							<font>font10</font>
							<align>left</align>
							<aligny>center</aligny>
							<textcolor>grey2</textcolor>
							<selectedcolor>selected</selectedcolor>
							<label>19043</label>
							<visible>ListItem.IsRecording</visible>
						</control>
						<control type="image">
							<left>970</left>
							<top>10</top>
							<width>20</width>
							<height>20</height>
							<texture>PVR-HasTimer.png</texture>
							<visible>ListItem.HasTimer + !ListItem.IsRecording</visible>
						</control>
						<control type="label">
							<left>1000</left>
							<top>0</top>
							<width>80</width>
							<height>40</height>
							<font>font10</font>
							<align>left</align>
							<aligny>center</aligny>
							<textcolor>grey2</textcolor>
							<selectedcolor>selected</selectedcolor>
							<label>31510</label>
							<visible>ListItem.HasTimer</visible>
						</control>
					</focusedlayout>
				</control>
				<control type="scrollbar" id="76">
					<left>1105</left>
					<top>60</top>
					<width>25</width>
					<height>500</height>
					<texturesliderbackground border="0,14,0,14">ScrollBarV.png</texturesliderbackground>
					<texturesliderbar border="0,14,0,14">ScrollBarV_bar.png</texturesliderbar>
					<texturesliderbarfocus border="0,14,0,14">ScrollBarV_bar_focus.png</texturesliderbarfocus>
					<textureslidernib>ScrollBarNib.png</textureslidernib>
					<textureslidernibfocus>ScrollBarNib.png</textureslidernibfocus>
					<onleft>16</onleft>
					<onright>31</onright>
					<showonepage>false</showonepage>
					<orientation>vertical</orientation>
				</control>
			</control>
			<control type="label">
				<animation effect="slide" start="0,0" end="-90,0" time="0" condition="system.getbool(input.enablemouse)">Conditional</animation>
				<description>Page Count Label</description>
				<right>40</right>
				<top>53r</top>
				<width>500</width>
				<height>20</height>
				<font>font12</font>
				<textcolor>grey</textcolor>
				<scroll>false</scroll>
				<align>right</align>
				<aligny>center</aligny>
				<label>([COLOR=blue]$INFO[Container(16).NumItems][/COLOR]) $LOCALIZE[31025] - $LOCALIZE[31024] ([COLOR=blue]$INFO[Container(16).CurrentPage]/$INFO[Container(16).NumPages][/COLOR])</label>
			</control>
		</control>
	</include>
</includes>
