<?xml version="1.0" encoding="UTF-8" standalone="yes"?>
<addon id="script.tvmaze.integration" name="TV Maze Integration" version="0.4.1~beta2" provider-name="pkscout">
	<requires>
		<import addon="xbmc.python" version="2.26.0"/>
		<import addon="script.module.kodi-six" version="0.0.3" />
		<import addon="script.module.requests" version="2.22.0" />
	</requires>
	<extension point="xbmc.python.script" library="default.py"/>
	<extension point="xbmc.service" library="service.py" />
	<extension point="kodi.context.item">
		<menu id="kodi.core.main">
		    <menu>
				<label>32401</label>
				<visible>Container.Content(tvshows) | Container.Content(episodes)</visible>
				<item library="context-follow.py">
					<label>32402</label>
					<visible>Container.Content(tvshows)</visible>
				</item>
				<item library="context-unfollow.py">
					<label>32403</label>
					<visible>Container.Content(tvshows)</visible>
				</item>
				<item library="context-tag.py">
					<label>32404</label>
					<visible>Container.Content(tvshows)</visible>
				</item>
				<item library="context-untag.py">
					<label>32405</label>
					<visible>Container.Content(tvshows)</visible>
				</item>
				<item library="context-mark-acquired.py">
					<label>32406</label>
					<visible>Container.Content(episodes)</visible>
				</item>
				<item library="context-mark-watched.py">
					<label>32407</label>
					<visible>Container.Content(episodes)</visible>
				</item>
				<item library="context-mark-skipped.py">
					<label>32408</label>
					<visible>Container.Content(episodes)</visible>
				</item>
				<item library="context-unmark.py">
					<label>32409</label>
					<visible>Container.Content(episodes)</visible>
				</item>
			</menu>
	  </menu>
	</extension>
	<extension point="xbmc.addon.metadata">
		<news>
v.0.4.1~beta2
- first public release
- support for context menu to manage show tags, show follows, and episode marks
- support to manually tag and untag shows
- support to manually follow and unfollow shows
- support for marking episodes as acquired on Library import
- support for adding shows as followed during import
- support for marking episodes as watched after watching x% of the show
		</news>
		<assets>
			<icon>icon.png</icon>
		</assets>
		<summary lang="en_GB">Integration between Kodi and TV Maze.</summary>
		<description lang="en_GB">This integration allows you to mark shows as acquired on TV Maze (and add them to your followed shows if needed) when you add them to your library and mark them as watched on TV Maze after you watch them.  You can also manually follow, unfollow, tag, and untag shows.</description>
		<platform>all</platform>
		<license>GPL-3.0-only</license>
		<forum>https://forum.kodi.tv/showthread.php?tid=354945</forum>
		<website></website>
		<source>https://github.com/pkscout/script.tvmaze.integration</source>
	</extension>
</addon>
