<?xml version="1.0" encoding="UTF-8" standalone="yes"?>
<addon id="script.audio.profiles" name="Audio Profiles" version="1.4.102" provider-name="pkscout, notoco, Regss">
	<requires>
        <import addon="xbmc.python" version="3.0.0" />
        <import addon="script.module.kodi-six" version="0.1.3.1" />
	</requires>
	<extension point="xbmc.python.script" library="default.py"/>
	<extension point="xbmc.service" library="service.py" />
	<extension point="xbmc.addon.metadata">
		<news>
v.1.4.102
- added option to disable auto load of profile at startup if it's the one that was enabled at shutdown
- added option to set delay before pop up dialog automatically closes
- added option to enable debug logging
- fix for keymap option to pop up dialog not working
- fix so the auto loaded profile for startup is always loaded
- fix so setting to pop up dialog box when playback start works again
- fix so save notifications show even if notifications are off
- fix so you don't have to restart Kodi for settings changes to be reflected
- fix for crash when trying to toggle profiles
- updated language files
- cleaned up some setting descriptions
- changes for better code compatibility between Kodi 18 and 19
- changes in logging to accomodate new logging requirements for Kodi 19
		</news>
		<assets>
			<icon>icon.png</icon>
		</assets>
		<summary lang="en_GB">Save audio profile and easily switch between them.</summary>
		<summary lang="pl_PL">Zapisuje profile ustawień audio i łatwo przełącza między nimi.</summary>
		<summary lang="it_IT">Salva il profilo audio e cambia facilmente da uno all'altro.</summary>
		<summary lang="hu_HU">Hangbeállítások profilba mentése, és könnyű váltás közöttük.</summary>
		<description lang="en_GB">Save audio profile and easily switch between them.</description>
		<description lang="pl_PL">Zapisuje profile ustawień audio i łatwo przełącza między nimi.</description>
		<description lang="it_IT">Salva il profilo audio e cambia facilmente da uno all'altro.</description>
		<description lang="hu_HU">Hangbeállítások profilba mentése, és könnyű váltás közöttük.</description>
		<platform>all</platform>
		<license>GPL-3.0-only</license>
		<forum>https://forum.kodi.tv/showthread.php?tid=353852</forum>
		<website>https://kodi.wiki/view/Add-on:Audio_Profiles</website>
		<source>https://github.com/pkscout/script.audio.profiles</source>
	</extension>
</addon>
