<?xml version="1.0" encoding="UTF-8"?>
<window id="11112">
	<defaultcontrol>10070</defaultcontrol>
	<controls>
		<control type="group" description="MENU" id="10072">
			<!-- this hides the menu until it's done with setup -->
		    <left>-10000</left>
		    <right>-10000</right>
			<animation type="WindowOpen">
				<effect type="fade" start="0" end="100" time="200" />
			</animation>
			<animation type="WindowClose">
				<effect type="fade" start="100" end="0" time="100" />
			</animation>
			<control type="image" id="10073" description="Menu BG">
				<posy>-24</posy>
				<width>525</width>
				<texture border="0,40,0,40">dialogs/ContextMenu.png</texture>
			</control>
			<control type="label" id="10071">
			    <left>33</left>
			    <width>493</width>
				<height>60</height>
				<align>center</align>
				<aligny>center</aligny>
				<font>font14</font>
				<textcolor>White</textcolor>
				<label></label>
			</control>
			<control type="grouplist" id="10070" description="Context menu container">
				<posx>16</posx>
                <posy>60</posy>
				<width>525</width>
				<height max="900">auto</height>
                <control type="button" id="10080" description="Buttons">
				    <width>493</width>
				    <height>60</height>
				    <textoffsetx>10</textoffsetx>
				    <align>center</align>
				    <texturefocus border="4" colordiffuse="Highlight">img/WhiteRoundedST2.png</texturefocus>
				    <texturenofocus border="3">buttons/ButtonNF.png</texturenofocus>
				    <focusedcolor>Black</focusedcolor>
				    <shadowcolor></shadowcolor>
				    <label></label>
			    </control>
                <control type="button" id="10081" description="Buttons">
				    <width>493</width>
				    <height>60</height>
				    <textoffsetx>10</textoffsetx>
				    <align>center</align>
				    <texturefocus border="4" colordiffuse="Highlight">img/WhiteRoundedST2.png</texturefocus>
				    <texturenofocus border="3">buttons/ButtonNF.png</texturenofocus>
				    <focusedcolor>Black</focusedcolor>
				    <shadowcolor></shadowcolor>
				    <label></label>
			    </control>
                <control type="button" id="10082" description="Buttons">
				    <width>493</width>
				    <height>60</height>
				    <textoffsetx>10</textoffsetx>
				    <align>center</align>
				    <texturefocus border="4" colordiffuse="Highlight">img/WhiteRoundedST2.png</texturefocus>
				    <texturenofocus border="3">buttons/ButtonNF.png</texturenofocus>
				    <focusedcolor>Black</focusedcolor>
				    <shadowcolor></shadowcolor>
				    <label></label>
			    </control>
                <control type="button" id="10083" description="Buttons">
				    <width>493</width>
				    <height>60</height>
				    <textoffsetx>10</textoffsetx>
				    <align>center</align>
				    <texturefocus border="4" colordiffuse="Highlight">img/WhiteRoundedST2.png</texturefocus>
				    <texturenofocus border="3">buttons/ButtonNF.png</texturenofocus>
				    <focusedcolor>Black</focusedcolor>
				    <shadowcolor></shadowcolor>
				    <label></label>
			    </control>
                <control type="button" id="10084" description="Buttons">
				    <width>493</width>
				    <height>60</height>
				    <textoffsetx>10</textoffsetx>
				    <align>center</align>
				    <texturefocus border="4" colordiffuse="Highlight">img/WhiteRoundedST2.png</texturefocus>
				    <texturenofocus border="3">buttons/ButtonNF.png</texturenofocus>
				    <focusedcolor>Black</focusedcolor>
				    <shadowcolor></shadowcolor>
				    <label></label>
			    </control>
                <control type="button" id="10085" description="Buttons">
				    <width>493</width>
				    <height>60</height>
				    <textoffsetx>10</textoffsetx>
				    <align>center</align>
				    <texturefocus border="4" colordiffuse="Highlight">img/WhiteRoundedST2.png</texturefocus>
				    <texturenofocus border="3">buttons/ButtonNF.png</texturenofocus>
				    <focusedcolor>Black</focusedcolor>
				    <shadowcolor></shadowcolor>
				    <label></label>
			    </control>
                <control type="button" id="10086" description="Buttons">
				    <width>493</width>
				    <height>60</height>
				    <textoffsetx>10</textoffsetx>
				    <align>center</align>
				    <texturefocus border="4" colordiffuse="Highlight">img/WhiteRoundedST2.png</texturefocus>
				    <texturenofocus border="3">buttons/ButtonNF.png</texturenofocus>
				    <focusedcolor>Black</focusedcolor>
				    <shadowcolor></shadowcolor>
				    <label></label>
			    </control>
                <control type="button" id="10087" description="Buttons">
				    <width>493</width>
				    <height>60</height>
				    <textoffsetx>10</textoffsetx>
				    <align>center</align>
				    <texturefocus border="4" colordiffuse="Highlight">img/WhiteRoundedST2.png</texturefocus>
				    <texturenofocus border="3">buttons/ButtonNF.png</texturenofocus>
				    <focusedcolor>Black</focusedcolor>
				    <shadowcolor></shadowcolor>
				    <label></label>
			    </control>
                <control type="button" id="10088" description="Buttons">
				    <width>493</width>
				    <height>60</height>
				    <textoffsetx>10</textoffsetx>
				    <align>center</align>
				    <texturefocus border="4" colordiffuse="Highlight">img/WhiteRoundedST2.png</texturefocus>
				    <texturenofocus border="3">buttons/ButtonNF.png</texturenofocus>
				    <focusedcolor>Black</focusedcolor>
				    <shadowcolor></shadowcolor>
				    <label></label>
			    </control>
                <control type="button" id="10089" description="Buttons">
				    <width>493</width>
				    <height>60</height>
				    <textoffsetx>10</textoffsetx>
				    <align>center</align>
				    <texturefocus border="4" colordiffuse="Highlight">img/WhiteRoundedST2.png</texturefocus>
				    <texturenofocus border="3">buttons/ButtonNF.png</texturenofocus>
				    <focusedcolor>Black</focusedcolor>
				    <shadowcolor></shadowcolor>
				    <label></label>
			    </control>
			</control>
		</control>
	</controls>
</window>