<?xml version="1.0" encoding="UTF-8" standalone="yes"?>
<addon id="script.audio.profiles" name="Audio Profiles" version="1.4.102~beta5" provider-name="pkscout, notoco, Regss">
    <requires>
        <import addon="xbmc.python" version="3.0.0" />
        <import addon="script.module.kodi-six" version="0.1.3.1" />
    </requires>
    <extension point="xbmc.python.script" library="default.py"/>
    <extension point="xbmc.service" library="service.py" start="login"/>
    <extension point="xbmc.addon.metadata">
        <news>
v.1.4.102~beta5
changing in logging to accomodate new logging requirements for Kodi 19
        </news>
        <assets>
            <icon>icon.png</icon>
        </assets>
        <summary lang="en">Save audio profile and easily switch between them.</summary>
        <summary lang="pl">Zapisuje profile ustawień audio i łatwo przełącza między nimi.</summary>
        <summary lang="it">Salva il profilo audio e cambia facilmente tra di loro.</summary>
        <description lang="en">Save audio profile and easily switch between them.</description>
        <description lang="pl">Zapisuje profile ustawień audio i łatwo przełącza między nimi.</description>
        <description lang="it">Salva il profilo audio e cambia facilmente tra di loro.</description>
        <platform>all</platform>
        <license>GPL-3.0-only</license>
        <forum>https://forum.kodi.tv/showthread.php?tid=353852</forum>
        <source>https://github.com/pkscout/script.audio.profiles</source>
    </extension>
</addon>
