<addon id="plugin.whereareyou" name="Where Are You" provider-name="pkscout" version="0.2.102~beta4">
	<requires>
		<import addon="xbmc.python" version="3.0.0" />
		<import addon="script.module.kodi-six" version="0.1.3.1" />
	</requires>
	<extension library="default.py" point="xbmc.python.pluginsource">
		<provides>executable</provides>
	</extension>
	<extension point="xbmc.addon.metadata">
		<news>
v.0.2.102~beta4
- fix for looping dialog box if called from home screen
		</news>
		<assets>
			<icon>icon.png</icon>
		</assets>
		<summary lang="en_GB">Plugin module to display a custom dialog box when playing external media.</summary>
		<description lang="en_GB">Where Are You is a plugin for Kodi that accepts a URL from a stream file and then displays a dialog box with the title and message from the stream file URL.  After the dialog is dismissed a black video plays for 2 seconds.  This is basically to do what the media stub file does (which is display a title and a message for a given file), but for streaming files because the media stub only works if you have an optical drive attached to the device running Kodi.
		</description>
		<platform>all</platform>
		<license>GPL-2.0-only</license>
		<forum>https://forum.kodi.tv/showthread.php?tid=353924</forum>
		<source>https://github.com/pkscout/plugin.whereareyou</source>
	</extension>
</addon>