<?xml version="1.0" encoding="utf-8"?>
<window id="11112">
    <defaultcontrol>10070</defaultcontrol>
    <controls>
        <control type="group" id="10072">
            <left>880</left>
            <top>0</top>
            <animation type="WindowOpen">
                <effect type="slide" time="300" start="+400, 0" end="0,0" easing="out" tween="cubic" />
            </animation>
            <animation type="WindowClose">
                <effect type="slide" time="300" start="0,0" end="+400,0" easing="in" tween="cubic" />
            </animation>
			<control type="image">
				<left>0</left>
				<top>0</top>
				<width>400</width>
				<height>720</height>
				<texture>boxBackground.png</texture>
				<visible>!Skin.HasSetting(ThemeBackgroundColor)</visible>				
			</control>
			<control type="group">
				<visible>Skin.HasSetting(ThemeBackgroundColor)</visible>
				<control type="image">
					<left>0</left>
					<top>0</top>
					<width>400</width>
					<height>720</height>
					<texture>button.png</texture>
				</control>
				<control type="image">
					<left>0</left>
					<top>0</top>
					<width>400</width>
					<height>720</height>
					<texture>tile.png</texture>
				</control>
			</control>
			<control type="image">
				<left>0</left>
				<top>0</top>
				<width>640</width>
				<height>720</height>
				<texture>music_fanart_diffuse.png</texture>
			</control>		
			<control type="image">
				<left>0</left>
				<top>0</top>
				<width>2</width>
				<height>720</height>
				<texture>button.png</texture>
			</control>
			<control type="label" id="10071">
                <description>Menu Title</description>
                <left>20</left>
                <top>0</top>
                <width>360</width>
                <label></label>
                <font>Panel_Description_Title</font>
                <align>right</align>
            </control>
			<control type="panel" id="10070">
				<left>20</left>
				<top>70</top>
				<width>380</width>
				<height>670</height>
				<onleft>10070</onleft>
				<onright>10070</onright>
				<onup>10070</onup>
				<ondown>10070</ondown>
				<orientation>vertical</orientation>
				<itemlayout height="50">
					<control type="label">
						<right>30</right>
						<width>350</width>
						<align>right</align>
						<font>List_Right_Menu</font>
						<label>$INFO[ListItem.Label]</label>
					</control>
				</itemlayout>
				<focusedlayout height="50">
					<control type="button" id="1000">
						<width>370</width>
						<align>right</align>
					</control>
					<control type="label">
						<right>30</right>
						<width>350</width>
						<align>right</align>
						<font>List_Right_Menu</font>
						<textcolor>Accent</textcolor>
						<label>$INFO[ListItem.Label]</label>
					</control>
				</focusedlayout>
			</control>
			<!-- Close Button for Context Menu	-->
			<control type="button" id="9876">
				<animation effect="rotate" end="-90" center="25,20" time="0" condition="true" reversible="false">Conditional</animation>
				<visible>[System.Platform.IOS | System.Platform.Android | System.getbool(input.enablemouse)]</visible>
				<top>-5</top>
				<left>0</left>
				<width>50</width>
				<height>50</height>
				<onclick>back</onclick>
				<texturefocus>down_arrow.png</texturefocus>
				<texturenofocus>down_arrow.png</texturenofocus>					
			</control>			
        </control>
	</controls>
</window>