<?xml version="1.0" encoding="UTF-8" standalone="yes"?>
<addon id="script.artistslideshow" name="Artist Slideshow" version="2.0.3~beta1" provider-name="pkscout,ronie">
	<requires>
		<import addon="xbmc.python" version="2.19.0"/>
		<import addon="xbmc.addon" version="14.0.0"/>
		<import addon="script.module.requests" version="2.3.0"/>
		<import addon="script.module.simplejson" version="3.3.0"/>
	</requires>
	<extension point="xbmc.python.script" library="default.py">
		<provides>executable</provides>
	</extension>
	<extension point="xbmc.addon.metadata">
		<summary lang="ar">حمل المزيد من الصور والمعلومات عن الفنان الذى يُغنِى حالياً</summary>
		<summary lang="be">Download images and additional info of the currently playing artist</summary>
		<summary lang="bg">Сваля изображения и допълнителна инф. за изпълнителя на текущата песен</summary>
		<summary lang="ca">Descàrrega imatges i informació addicional de l'artista que s'està reproduint</summary>
		<summary lang="da">Download billeder og ekstra info om kunstneren, der spiller i øjeblikket</summary>
		<summary lang="de">Downloade Bilder und zusätzliche Informationen des aktuellen abspielenden Künstlers.</summary>
		<summary lang="el">Κατεβάστε εικόνες και επιπλέον πληροφορίες του τρέχοντος καλλιτέχνη</summary>
		<summary lang="en">Download images and additional info of the currently playing artist</summary>
		<summary lang="en_NZ">Download images and additional info of the currently playing artist</summary>
		<summary lang="en_US">Download images and additional info of the currently playing artist</summary>
		<summary lang="es">Descarga imágenes e información adicional del artista que esté sonando</summary>
		<summary lang="es_AR">Bajá imágenes e información adicional sobre el artista </summary>
		<summary lang="fr">Télécharger les images et les informations additionnelles de l'artiste en cours de lecture</summary>
		<summary lang="fr_CA">Télécharger des images et des infos additionnelles sur l'artiste écouté</summary>
		<summary lang="gl">Descarga imaxes e info. adicional do artista que está a soar</summary>
		<summary lang="he">הורד תמונות ומידע נוסף על האמן המושמע כעת</summary>
		<summary lang="hr">Preuzimite slike i dodatne informacije o trenutno reproduciranom izvođaču</summary>
		<summary lang="hu">Képeket és kiegészítő információkat tölt le a jelenleg játszott előadóról</summary>
		<summary lang="it">Scarica immagini ed informazioni addizionali dell'artista attualmente in esecuzione</summary>
		<summary lang="ja">現在再生中のアーティストの画像と追加情報をダウンロードする</summary>
		<summary lang="ko">현재 재생중인 아티스트의 이미지와 추가 정보 다운로드</summary>
		<summary lang="nl">Downloaden van afbeeldingen en extra informatie van te horen artiest</summary>
		<summary lang="no">Last ned bilder og ytterligere informasjon om artisten som spilles av</summary>
		<summary lang="pl">Pobieraj obrazy i dodatkowe informacje o aktualnie odtwarzanym wykonawcy</summary>
		<summary lang="pt">Transferir imagens e info adicional do artista em reprodução agora</summary>
		<summary lang="pt_BR">Transferência de imagens e informações adicionais de artistas que estejam sendo reproduzidos</summary>
		<summary lang="ru">Загрузить фото и дополнительную информацию об воспроизводимом исполнителе</summary>
		<summary lang="sk">Stiahnuť obrázky a dodatočné informácie o práve hrajúcich interpretoch</summary>
		<summary lang="sl">Naložite slike in dodatne informacije, za trenutno predvajanega izvajalca</summary>
		<summary lang="sv">Ladda ner bilder samt ytterligare information om den spelade artisten</summary>
		<summary lang="zh">下载当前播放艺人的图片和附加信息</summary>
		<description lang="ar">ملحق يساعدك على تَنِزِيل صور ومعلومات إضافيه عن الفنان الذى تستمع اليه حالياً من موقع fanart.tv و theaudiodb.com و htbackdrops.org. كما يمكنك جعل جلد واجهتك الحالى يستخدم كل ما سبق ﻹنشاء عروض شرائح للفنان الذى تستمع إليه</description>
		<description lang="bg">Добавката сваля картинки и допълнителна информация от www.fanart.tv, www.theaudiodb.com и www.htbackdrops.org за изпълнителя който звучи в момента. Картинките, заедно с фанарт изображенията на изпълнителя, може да се ползват от облика, за създаването на слайдшоу за изпълнителя, който звучи в момента.</description>
		<description lang="ca">Complement per descarregar imatges i informació addicional de fanart.tv, theaudiodb.com i htbackdrops.org de l'artista que s'està reproduint. Les imatges, juntament amb les imatges locals d'artistes, i la informació, pot ser utilitzada per la pell per crear una presentació de diapositives per a l'artista que s'està escoltant.</description>
		<description lang="de">Addon um Bilder und zusätzliche Informationen von fanart.tv, theaudiodb.com und htbackdrops.org zum aktuell gespielten Künstler herunterzuladen. Diese Bilder können zusammen mit den lokalen Künstlerbildern und Infos vom Skin genutzt werden, um eine Slideshow für den aktuell angehörten Künstler zu erstellen.</description>
		<description lang="el">Πρόσθετο για τη λήψη εικόνων και επιπλέον πληροφοριών από το fanart.tv, το theaudiodb.com, και το htbackdrops.com για τον τρέχοντα καλλιτέχνη. Οι εικόνες, μαζί με τοπικές εικόνες του καλλιτέχνη καθώς και πληροφορίες, μπορούν να χρησιμοποιηθούν από το κέλυφος για τη δημιουργία παρουσιάσεων διαφανειών του καλλιτέχνη η μουσική του οποίου ακούγεται.</description>
		<description lang="en">Addon to download images and additional information from fanart.tv, theaudiodb.com, and htbackdrops.org of the currently playing artist. The images, along with local artists' images, and info can be used by the skin to create a slideshow for the artist being listened to.</description>
		<description lang="en_NZ">Addon to download images and additional information from fanart.tv, theaudiodb.com, and htbackdrops.org of the currently playing artist. The images, along with local artists' images, and info can be used by the skin to create a slideshow for the artist being listened to.</description>
		<description lang="en_US">Addon to download images and additional information from fanart.tv, theaudiodb.com, and htbackdrops.org of the currently playing artist. The images, along with local artists' images, and info can be used by the skin to create a slideshow for the artist being listened to.</description>
		<description lang="es">Addon para descargar imágenes e información adicional de fanart.tv, theaudiodb.com y htbackdrops.org del artista que se está reproduciendo. Las imágenes, junto con imágenes de artistas locales, y la información puede ser utilizada por la piel para crear una presentación de diapositivas para el artista que se está escuchando.</description>
		<description lang="fr_CA">Addiciel pour télécharger des images et des informations additionnelles sur fanart.tv, theaudiodb.com et htbackdrops.org de l'artiste en cours d'écoute. Les images, ainsi que les images locales de l'artiste, et les infos peuvent être utilisées par l'habillage pour créer un diaporama pour l'artiste en cours d'écoute.</description>
		<description lang="gl">Complemento para descargar imaxes e información adicional de fanart.tv e theaudiodb.com do artista que está a soar. Estas imaxes, xunto cas do artista gardadas en local e a información pódeas usar o tema para crear unha presentación. </description>
		<description lang="he">הרחבה להורדת תמונות ומידע נוסף על האמן המושמע כעת מ-fanart.tv, theaudiodb.com ו-htbackdrops.org. התמונות, בנוסף לתמונות אמנים מקומיות והמידע על אמן יכולים לשמש את המעטפת ליצירת מצגת עבור האמן המושמע כעת.</description>
		<description lang="hr">Dodatak za preuzimanje slika i dodatnih informacije trenutno reproduciranog izvođača s fanart.tv, theaudiodb.com i theaudiodb.com. Slike, zajedno s lokalnim slikama izvođača i informacijama mogu se koristiti s presvlakom za stvaranje slikovne prezentacije izvođača koji se sluša.</description>
		<description lang="hu">A Kiegészítő letölt képeket és infromációkat a fanart.tv, theaudiodb.com, és htbackdrops.org oldalakról az éppen hallgatott előadóhoz. A képek a helyben tárolt képekkel együtt felhasználhatóak a Felszín által diavetítéshez.</description>
		<description lang="it">Addon per scaricare immagini ed informazioni aggiuntive da Last.FM, theaudiodb.com e htbackdrops sull'artista attualmente in esecuzione. Le immagini possono essere usate dallo skin, insieme a quelle locali, per creare una presentazione  per l'artista che si sta ascoltando.</description>
		<description lang="ko">현재 재생중인 아티스트의 이미지와 추가정보를 fanart.tv 와 theaudiodb.com 에서 다운로드합니다. 다운로드한 이미지와 정보는 로컬 이미지와 함께 현재 재생중인 음악의 아티스트 슬라이드쇼에 사용할 수 있습니다.</description>
		<description lang="nl">Add-on om afbeeldingen en bijkomende informatie van Fanart.tv, theaudiodb.com en htbackdrops.org van de te horen artiest binnen te halen. de afbeeldingen, net als de lokaal aanwezige artiest-afbeeldingen en -info kunnen gebruikt worden door de skin om een diashow te tonen van de artiest di nu beluisterd wordt.</description>
		<description lang="no">Tillegg for å laste ned bilder og ytterligere informasjon fra fanart.tv, theaudiodb.com og htbackdrops.org for artisten som spilles av for øyeblikket. Bildene, sammen med lokale artistbilder og info, kan bli brukt av skallet til å lage en lysbildefremvisning for artisten som blir lyttet til for øyeblikket.</description>
		<description lang="pl">Wtyczka pobiera obrazy i dodatkowe informacje z fanart.tv, theaudiodb.com oraz htbackdrops.org o aktualnie odtwarzanym wykonawcy. Obrazami wraz z informacjami o wykonawcach, mogą być wykorzystywane przez skórę do tworzenia pokazu slajdów dla artysty, którego aktualnie słuchasz.</description>
		<description lang="pt">Um add-on para transferir imagens e informação adicional do artista em reprodução no momento, a partir de fanart.tv, theaudiodb.com, e htbackdrops.org. As imagens e a informação, assim como as imagens locais dos artistas, podem ser usadas pelo tema para criar uma apresentação de slides do artista em escuta no momento.</description>
		<description lang="pt_BR">Addon para download de imagens e informações adicionais do artista que está sendo reproduzido provido por fanart.tv, theaudiodb e htbackdrops.org.  Tais dados e imagens serão usados pelas skins para criarem um slideshow dos artistas quando estivermos escutando-os.</description>
		<description lang="ru">Дополнение для загрузки изображений и дополнительной информации о воспроизводимом исполнителе с ресурсов fanart.tv, theaudiodb.com and htbackdrops.org. Загруженные изображения и доп. информация, наравне с локальными, могут быть использованы для создания слайд-шоу во время прослушивания композиций.</description>
		<description lang="sl">Dodatek za prenos slik in dodatnih informacij  iz fanart.tv, theaudiodb.com, in htbackdrops.org za trenutno predvajanega izvajalca. Slike, skupaj z lokalnimi slikami izvajalcev ter informacije, se lahko uporabljajo s preobleko za ustvarjanje diaprojekcije slik izvajalca, ki ga trenutno poslušate.</description>
		<description lang="sv">Tillägg för att ladda ner bilder och tilläggsinformation från fanart.tv, theaudiodb.com och htbackdrops.org om artisten som spelas för tillfället. Bilderna, tillsammans med lokala artistbilder och information, kan användas av skinnet för att skapa ett bildspel av artisten man lyssnar på.</description>
		<description lang="zh">从fanart.tv、theaudiodb.com和htbackdrops.org下载当前播放艺人的图片和附加信息的插件。这此图片可以和本地艺人图片及信息一起，被皮肤用来创建正收听的艺人的幻灯片。</description>
		<language></language>
		<platform>all</platform>
		<license>GNU GENERAL PUBLIC LICENSE. Version 2, June 1991</license>
		<forum>http://forum.xbmc.org/showthread.php?t=124880</forum>
		<website>http://wiki.xbmc.org/index.php?title=Add-on:Artist_Slideshow</website>
		<email>artistslideshow.xbmc@gmail.com</email>
		<source>https://github.com/pkscout/script.artistslideshow</source>
	</extension>
</addon>
