<?xml version="1.0" encoding="UTF-8"?>
<window id="11112">
	<defaultcontrol>10070</defaultcontrol>
	<animation type="WindowOpen" reversible="false">
		<effect type="zoom" start="150" end="100" center="CenterWidth,CenterHeight" time="300" tween="cubic" easing="out" />
		<effect type="fade" end="100" time="150" />
	</animation>
	<animation type="WindowClose" reversible="false">
		<effect type="fade" start="100" end="0" time="100" delay="100" />
		<effect type="zoom" start="100" end="130" center="CenterWidth,CenterHeight" time="200" tween="cubic" easing="in" />
	</animation>
	<controls>
		<control type="group" id="10072">
			<width>720</width>
			<control type="group">
				<height>75</height>
				<control type="image">
					<width>720</width>
					<height>75</height>
					<texture>ap-DialogTop.png</texture>
				</control>
				<control type="label" id="10071">
				    <top>8</top>
					<left>15</left>
					<height>75</height>
					<width>690</width>
					<align>center</align>
					<textcolor>themecolor</textcolor>
					<font>font16_title_bold</font>
					<label></label>
				</control>
			</control>
			<control type="group" id="10073">
				<control type="image">
					<width>720</width>
					<height>15</height>
					<texture>ap-DialogBottom.png</texture>
				</control>
			</control>
			<control type="panel" id="10070">
				<top>75</top>
				<onleft>10070</onleft>
				<onright>10070</onright>
				<onup>10070</onup>
				<ondown>10070</ondown>
				<orientation>vertical</orientation>
				<itemlayout height="60">
					<control type="image">
						<width>720</width>
						<height>60</height>
						<texture>ap-DialogMid.png</texture>
					</control>
					<control type="button">
						<left>45</left>
						<width>630</width>
						<height>60</height>
					</control>
					<control type="label">
						<left>60</left>
						<width>600</width>
						<height>60</height>
						<align>center</align>
						<aligny>center</aligny>
						<label>$INFO[ListItem.Label]</label>
					</control>
				</itemlayout>
				<focusedlayout height="60">
					<control type="image">
						<width>720</width>
						<height>60</height>
						<texture>ap-DialogMid.png</texture>
					</control>
					<control type="button">
						<left>45</left>
						<width>630</width>
						<height>60</height>
						<texture border="35,2,35,2">button_shutdown_focus.png</texture>
					</control>
					<control type="label">
						<left>60</left>
						<width>600</width>
						<height>60</height>
						<align>center</align>
						<aligny>center</aligny>
						<label>$INFO[ListItem.Label]</label>
					</control>
				</focusedlayout>
			</control>
		</control>
	</controls>
</window>
