﻿<?xml version="1.0" encoding="UTF-8" standalone="yes"?>
<addon id="repository.beta.pkscout" name="pkscout's Add-on Beta Channel" version="1.0.2" provider-name="pkscout">
	<requires>
		<import addon="xbmc.addon" version="13.0.0"/>
	</requires>
	<extension point="xbmc.addon.repository" name="pkscout's Add-on Beta channel">
		<info compressed="true">http://raw.github.com/pkscout/repository.beta.pkscout/gotham/addons.xml</info>
		<checksum>http://raw.github.com/pkscout/repository.beta.pkscout/gotham/addons.xml.md5</checksum>
		<datadir zip="true">http://raw.github.com/pkscout/repository.beta.pkscout/gotham/download</datadir>
		<hashes>false</hashes>
	</extension>
	<extension point="xbmc.addon.metadata">
		<summary lang="en">Install Beta Add-ons from pkscout's repository</summary>
		<description lang="en">Download and install beta add-ons and skin modifications from pkscout's addon repository.</description>
		<disclaimer lang="en">This is meant to be a beta channel for add ons I develop. If you aren't comfortable using beta software, please download these addons from the main XBMC repo.</disclaimer>
		<platform>all</platform>
		<nofanart>true</nofanart>
	</extension>
</addon>