<?xml version="1.0" encoding="UTF-8"?>
<window id="11112">
	<defaultcontrol>10070</defaultcontrol>
	<animation type="WindowOpen" reversible="false">
		<effect type="fade" delay="160" end="100" time="240" />
	</animation>
	<animation type="WindowClose" reversible="false">
		<effect type="fade" start="100" end="0" time="240" />
	</animation>
	<controls>
		<control type="group" id="10072">
			<width>500</width>
			<control type="group">
				<height>50</height>
				<control type="image">
					<width>500</width>
					<height>50</height>
					<texture>ap-DialogTop.png</texture>
				</control>				
				<control type="label" id="10071">
					<left>10</left>
					<width>480</width>
					<aligny>center</aligny>
					<align>center</align>
					<font>apptv25</font>
					<label></label>
				</control>
			</control>
			<control type="image">
				<top>45</top>
				<left>10</left>
				<width>480</width>
				<height>4</height>
				<texture>separator.png</texture>
			</control>
			<control type="group" id="10073">
				<control type="image">
					<width>500</width>
					<height>15</height>
					<texture>ap-DialogBottom.png</texture>
				</control>				
			</control>
			<control type="panel" id="10070">
				<top>50</top>
				<onleft>10070</onleft>
				<onright>10070</onright>
				<onup>10070</onup>
				<ondown>10070</ondown>
				<orientation>vertical</orientation>
				<itemlayout height="48">
					<control type="image">
						<width>500</width>
						<height>48</height>
						<texture>ap-DialogMid.png</texture>
					</control>
					<control type="button">
						<left>10</left>
						<width>480</width>
						<height>48</height>
					</control>
					<control type="label">
						<left>20</left>
						<width>460</width>
						<height>48</height>
						<align>center</align>
						<aligny>center</aligny>
						<scroll>false</scroll>
						<label>$INFO[ListItem.Label]</label>
					</control>
				</itemlayout>
				<focusedlayout height="50">
					<control type="image">
						<width>500</width>
						<height>48</height>
						<texture>ap-DialogMid.png</texture>
					</control>
					<control type="button">
						<left>10</left>
						<width>480</width>
						<height>48</height>
					</control>
					<control type="label">
						<left>20</left>
						<width>460</width>
						<height>48</height>
						<align>center</align>
						<aligny>center</aligny>
						<scroll>false</scroll>
						<label>$INFO[ListItem.Label]</label>
					</control>
				</focusedlayout>
			</control>
		</control>
	</controls>
</window>
