<?xml version="1.0" encoding="UTF-8" standalone="yes"?>
<addon id="script.audio.profiles" name="Audio Profiles" version="1.4.3~beta3" provider-name="pkscout, notoco, Regss">
	<requires>
		<import addon="xbmc.python" version="2.26.0"/>
		<import addon="script.module.kodi-six" version="0.0.3" />
	</requires>
	<extension point="xbmc.python.script" library="default.py"/>
	<extension point="xbmc.service" library="service.py" />
	<extension point="xbmc.addon.metadata">
		<news>
v.1.4.3~beta3
- fix for GUI profile auto loading during playback if you skip to next item
- added option to change amount of time notification window shows
		</news>
		<assets>
			<icon>icon.png</icon>
		</assets>
		<summary lang="en_GB">Save audio profile and easily switch between them.</summary>
		<summary lang="pl_PL">Zapisuje profile ustawień audio i łatwo przełącza między nimi.</summary>
		<summary lang="it_IT">Salva il profilo audio e cambia facilmente da uno all'altro.</summary>
		<summary lang="hu_HU">Hangbeállítások profilba mentése, és könnyű váltás közöttük.</summary>
		<description lang="en_GB">Save audio profile and easily switch between them.</description>
		<description lang="pl_PL">Zapisuje profile ustawień audio i łatwo przełącza między nimi.</description>
		<description lang="it_IT">Salva il profilo audio e cambia facilmente da uno all'altro.</description>
		<description lang="hu_HU">Hangbeállítások profilba mentése, és könnyű váltás közöttük.</description>
		<platform>all</platform>
		<license>GPL-3.0-only</license>
		<forum>https://forum.kodi.tv/showthread.php?tid=353852</forum>
		<website>https://kodi.wiki/view/Add-on:Audio_Profiles</website>
		<source>https://github.com/pkscout/script.audio.profiles</source>
	</extension>
</addon>
